{
	"variants": {
		"aether_legacy_double_drops=true": [
			{ "model": "aether_legacy:aether_grass" },
			{ "model": "aether_legacy:aether_grass", "y": 90  },
			{ "model": "aether_legacy:aether_grass", "y": 180  },
			{ "model": "aether_legacy:aether_grass", "y": 270  },
			{ "model": "aether_legacy:aether_grass_0" },
			{ "model": "aether_legacy:aether_grass_0", "y": 90  },
			{ "model": "aether_legacy:aether_grass_0", "y": 180  },
			{ "model": "aether_legacy:aether_grass_0", "y": 270  }
		],
		"aether_legacy_double_drops=false": [
			{ "model": "aether_legacy:aether_grass" },
			{ "model": "aether_legacy:aether_grass", "y": 90  },
			{ "model": "aether_legacy:aether_grass", "y": 180  },
			{ "model": "aether_legacy:aether_grass", "y": 270  },
			{ "model": "aether_legacy:aether_grass_0" },
			{ "model": "aether_legacy:aether_grass_0", "y": 90  },
			{ "model": "aether_legacy:aether_grass_0", "y": 180  },
			{ "model": "aether_legacy:aether_grass_0", "y": 270  }
		]
	}
}
