{
	"variants": {
		"aether_legacy_double_drops=true": [
			{ "model": "aether_legacy:ambrosium_ore" },
			{ "model": "aether_legacy:ambrosium_ore_0" },
			{ "model": "aether_legacy:ambrosium_ore_1" },
			{ "model": "aether_legacy:ambrosium_ore_2" },
			{ "model": "aether_legacy:ambrosium_ore_3" },
			{ "model": "aether_legacy:ambrosium_ore_4" },
			{ "model": "aether_legacy:ambrosium_ore_5" },
			{ "model": "aether_legacy:ambrosium_ore_6" },
			{ "model": "aether_legacy:ambrosium_ore_7" },
			{ "model": "aether_legacy:ambrosium_ore_8" }
		],
		"aether_legacy_double_drops=false": [
			{ "model": "aether_legacy:ambrosium_ore" },
			{ "model": "aether_legacy:ambrosium_ore_0" },
			{ "model": "aether_legacy:ambrosium_ore_1" },
			{ "model": "aether_legacy:ambrosium_ore_2" },
			{ "model": "aether_legacy:ambrosium_ore_3" },
			{ "model": "aether_legacy:ambrosium_ore_4" },
			{ "model": "aether_legacy:ambrosium_ore_5" },
			{ "model": "aether_legacy:ambrosium_ore_6" },
			{ "model": "aether_legacy:ambrosium_ore_7" },
			{ "model": "aether_legacy:ambrosium_ore_8" }
		]
	}
}
