{
	"variants": {
		"half=bottom": [
			{ "model": "aether_legacy:angelic_half_slab" },
			{ "model": "aether_legacy:angelic_half_slab_0" },
			{ "model": "aether_legacy:angelic_half_slab_1" },
			{ "model": "aether_legacy:angelic_half_slab_2" }
		],
        	"half=top": [
			{ "model": "aether_legacy:angelic_upper_slab" },
			{ "model": "aether_legacy:angelic_upper_slab_0" },
			{ "model": "aether_legacy:angelic_upper_slab_1" },
			{ "model": "aether_legacy:angelic_upper_slab_2" }
		]
	}
}

