{
	"multipart": [
		{   
			"when": { "up": "true" },
			"apply": [ 
				{ "model": "aether_legacy:angelic_wall_post" },
				{ "model": "aether_legacy:angelic_wall_post_0" },
				{ "model": "aether_legacy:angelic_wall_post_1" },
				{ "model": "aether_legacy:angelic_wall_post_2" }
			]
		},
		{   
			"when": { "north": "true" }, 
			"apply": [ 
				{ "model": "aether_legacy:angelic_wall_side", "uvlock": true },
				{ "model": "aether_legacy:angelic_wall_side_0", "uvlock": true },
				{ "model": "aether_legacy:angelic_wall_side_1", "uvlock": true },
				{ "model": "aether_legacy:angelic_wall_side_2", "uvlock": true }
			]
		},
		{   
			"when": { "east": "true" },
			"apply": [ 
				{ "model": "aether_legacy:angelic_wall_side", "y": 90, "uvlock": true },
				{ "model": "aether_legacy:angelic_wall_side_0", "y": 90, "uvlock": true },
				{ "model": "aether_legacy:angelic_wall_side_1", "y": 90, "uvlock": true },
				{ "model": "aether_legacy:angelic_wall_side_2", "y": 90, "uvlock": true }
			]
		},
		{   
			"when": { "south": "true" },
			"apply": [ 
				{ "model": "aether_legacy:angelic_wall_side", "y": 180, "uvlock": true },
				{ "model": "aether_legacy:angelic_wall_side_0", "y": 180, "uvlock": true },
				{ "model": "aether_legacy:angelic_wall_side_1", "y": 180, "uvlock": true },
				{ "model": "aether_legacy:angelic_wall_side_2", "y": 180, "uvlock": true }
			]
		},
		{   "when": { "west": "true" },  
			"apply": [ 
				{ "model": "aether_legacy:angelic_wall_side", "y": 270, "uvlock": true },
				{ "model": "aether_legacy:angelic_wall_side_0", "y": 270, "uvlock": true },
				{ "model": "aether_legacy:angelic_wall_side_1", "y": 270, "uvlock": true },
				{ "model": "aether_legacy:angelic_wall_side_2", "y": 270, "uvlock": true }
			]
		}
	]
}


