{
    "__createdwith": "opl's Model Creator",
    "ambientocclusion": false,
    "textures": {
        "door_acacia_upper": "blocks/door_acacia_upper",
        "particle": "blocks/door_acacia_upper"
    },
    "elements": [
        {
            "from": [0,1.5,5],
            "to": [3,12.5,7],
            "faces": {
                "west": {
                    "texture": "#door_acacia_upper"
                },
                "east": {
                    "uv": [7,3.5,5,14.5],
                    "texture": "#door_acacia_upper"
                },
                "north": {
                    "uv": [16,3,13,15],
                    "texture": "#door_acacia_upper"
                },
                "south": {
                    "uv": [13,3,16,15],
                    "texture": "#door_acacia_upper"
                }
            }
        },
        {
            "from": [0,1.5,9],
            "to": [3,12.5,11],
            "faces": {
                "west": {
                    "texture": "#door_acacia_upper"
                },
                "east": {
                    "uv": [11,3.5,9,14.5],
                    "texture": "#door_acacia_upper"
                },
                "north": {
                    "uv": [16,3,13,15],
                    "texture": "#door_acacia_upper"
                },
                "south": {
                    "uv": [13,3,16,15],
                    "texture": "#door_acacia_upper"
                }
            }
        },
        {
            "from": [0,1.5,0],
            "to": [3,12.5,3],
            "faces": {
                "west": {
                    "texture": "#door_acacia_upper"
                },
                "east": {
                    "uv": [3,3.5,0,14.5],
                    "texture": "#door_acacia_upper"
                },
                "north": {
                    "uv": [3,3.5,0,14.5],
                    "texture": "#door_acacia_upper"
                },
                "south": {
                    "uv": [13,3.5,16,14.5],
                    "texture": "#door_acacia_upper"
                }
            }
        },
        {
            "from": [0,1.5,13],
            "to": [3,12.5,16],
            "faces": {
                "west": {
                    "texture": "#door_acacia_upper"
                },
                "east": {
                    "uv": [16,3.5,13,14.5],
                    "texture": "#door_acacia_upper"
                },
                "north": {
                    "uv": [16,3.5,13,14.5],
                    "texture": "#door_acacia_upper"
                },
                "south": {
                    "uv": [0,3.5,3,14.5],
                    "texture": "#door_acacia_upper"
                }
            }
        },
        {
            "from": [0,12.5,12.5],
            "to": [3,13,16],
            "faces": {
                "down": {
                    "uv": [8.5,0,11.5,3.5],
                    "texture": "#door_acacia_upper"
                },
                "west": {
                    "texture": "#door_acacia_upper"
                },
                "east": {
                    "uv": [16,3,12.5,3.5],
                    "texture": "#door_acacia_upper"
                },
                "north": {
                    "uv": [3,3,0,3.5],
                    "texture": "#door_acacia_upper"
                },
                "south": {
                    "uv": [0,3,3,3.5],
                    "texture": "#door_acacia_upper"
                }
            }
        },
        {
            "from": [0,12.5,0],
            "to": [3,13,3.5],
            "faces": {
                "down": {
                    "uv": [0,3.5,3,0],
                    "texture": "#door_acacia_upper"
                },
                "west": {
                    "texture": "#door_acacia_upper"
                },
                "east": {
                    "uv": [3.5,3,0,3.5],
                    "texture": "#door_acacia_upper"
                },
                "north": {
                    "uv": [3,3,0,3.5],
                    "texture": "#door_acacia_upper"
                },
                "south": {
                    "texture": "#door_acacia_upper"
                }
            }
        },
        {
            "from": [0,12.5,8.5],
            "to": [3,13,11.5],
            "faces": {
                "down": {
                    "uv": [8.5,3,11.5,0],
                    "texture": "#door_acacia_upper",
                    "rotation": 90
                },
                "west": {
                    "texture": "#door_acacia_upper"
                },
                "east": {
                    "uv": [11.5,3,8.5,3.5],
                    "texture": "#door_acacia_upper"
                },
                "north": {
                    "uv": [3,3,0,3.5],
                    "texture": "#door_acacia_upper"
                },
                "south": {
                    "texture": "#door_acacia_upper"
                }
            }
        },
        {
            "from": [0,12.5,4.5],
            "to": [3,13,7.5],
            "faces": {
                "down": {
                    "uv": [8.5,3,11.5,0],
                    "texture": "#door_acacia_upper",
                    "rotation": 90
                },
                "west": {
                    "texture": "#door_acacia_upper"
                },
                "east": {
                    "uv": [7.5,3,4.5,3.5],
                    "texture": "#door_acacia_upper"
                },
                "north": {
                    "uv": [3,3,0,3.5],
                    "texture": "#door_acacia_upper"
                },
                "south": {
                    "texture": "#door_acacia_upper"
                }
            }
        },
        {
            "from": [0,1,12.5],
            "to": [3,1.5,16],
            "faces": {
                "up": {
                    "uv": [8.5,3.5,11.5,0],
                    "texture": "#door_acacia_upper"
                },
                "west": {
                    "texture": "#door_acacia_upper"
                },
                "east": {
                    "uv": [16,14.5,12.5,15],
                    "texture": "#door_acacia_upper"
                },
                "north": {
                    "uv": [3,14.5,0,15],
                    "texture": "#door_acacia_upper"
                },
                "south": {
                    "uv": [0,14.5,3,15],
                    "texture": "#door_acacia_upper"
                }
            }
        },
        {
            "from": [0,1,0],
            "to": [3,1.5,3.5],
            "faces": {
                "up": {
                    "texture": "#door_acacia_upper"
                },
                "west": {
                    "texture": "#door_acacia_upper"
                },
                "east": {
                    "uv": [3.5,14.5,0,15],
                    "texture": "#door_acacia_upper"
                },
                "north": {
                    "uv": [3,14.5,0,15],
                    "texture": "#door_acacia_upper"
                },
                "south": {
                    "texture": "#door_acacia_upper"
                }
            }
        },
        {
            "from": [0,1,4.5],
            "to": [3,1.5,7.5],
            "faces": {
                "up": {
                    "uv": [8.5,3,11.5,0],
                    "texture": "#door_acacia_upper",
                    "rotation": 90
                },
                "west": {
                    "texture": "#door_acacia_upper"
                },
                "east": {
                    "uv": [7.5,14.5,4.5,15],
                    "texture": "#door_acacia_upper"
                },
                "north": {
                    "uv": [3,14.5,0,15],
                    "texture": "#door_acacia_upper"
                },
                "south": {
                    "texture": "#door_acacia_upper"
                }
            }
        },
        {
            "from": [0,1,8.5],
            "to": [3,1.5,11.5],
            "faces": {
                "up": {
                    "uv": [4.5,3,7.5,0],
                    "texture": "#door_acacia_upper",
                    "rotation": 90
                },
                "west": {
                    "texture": "#door_acacia_upper"
                },
                "east": {
                    "uv": [11.5,14.5,8.5,15],
                    "texture": "#door_acacia_upper"
                },
                "north": {
                    "uv": [3,14.5,0,15],
                    "texture": "#door_acacia_upper"
                },
                "south": {
                    "texture": "#door_acacia_upper"
                }
            }
        },
        {
            "from": [0,13,0],
            "to": [3,16,16],
            "faces": {
                "up": {
                    "uv": [13,16,16,0],
                    "texture": "#door_acacia_upper"
                },
                "down": {
                    "uv": [0,3,16,0],
                    "texture": "#door_acacia_upper",
                    "rotation": 90
                },
                "west": {
                    "texture": "#door_acacia_upper"
                },
                "east": {
                    "uv": [16,0,0,3],
                    "texture": "#door_acacia_upper"
                },
                "north": {
                    "uv": [3,0,0,3],
                    "texture": "#door_acacia_upper"
                },
                "south": {
                    "uv": [0,0,3,3],
                    "texture": "#door_acacia_upper"
                }
            }
        },
        {
            "from": [0,0,0],
            "to": [3,1,16],
            "faces": {
                "up": {
                    "uv": [0,0,16,3],
                    "texture": "#door_acacia_upper",
                    "rotation": 270
                },
                "down": {
                    "uv": [0,0,16,3],
                    "texture": "#door_acacia_upper",
                    "rotation": 270
                },
                "west": {
                    "texture": "#door_acacia_upper"
                },
                "east": {
                    "uv": [16,15,0,16],
                    "texture": "#door_acacia_upper"
                },
                "north": {
                    "uv": [3,15,0,16],
                    "texture": "#door_acacia_upper"
                },
                "south": {
                    "uv": [0,15,3,16],
                    "texture": "#door_acacia_upper"
                }
            }
        }
    ]
}