{
    "__createdwith": "opl's Model Creator",
    "ambientocclusion": false,
    "textures": {
        "door_acacia_lower": "blocks/door_acacia_lower",
        "particle": "blocks/door_acacia_lower"
    },
    "elements": [
        {
            "from": [0,3,0],
            "to": [3,3.5,3.5],
            "faces": {
                "up": {
                    "texture": "#door_acacia_lower"
                },
                "down": {
                    "texture": "#door_acacia_lower"
                },
                "west": {
                    "texture": "#door_acacia_lower"
                },
                "east": {
                    "uv": [3.5,12.5,0,13],
                    "texture": "#door_acacia_lower"
                },
                "north": {
                    "uv": [3,12.5,0,13],
                    "texture": "#door_acacia_lower"
                },
                "south": {
                    "texture": "#door_acacia_lower"
                }
            }
        },
        {
            "from": [0,0,0],
            "to": [3,3,16],
            "faces": {
                "up": {
                    "uv": [0,13,16,16],
                    "texture": "#door_acacia_lower",
                    "rotation": 270
                },
                "down": {
                    "texture": "#door_acacia_lower"
                },
                "west": {
                    "texture": "#door_acacia_lower"
                },
                "east": {
                    "uv": [16,13,0,16],
                    "texture": "#door_acacia_lower"
                },
                "north": {
                    "uv": [3,13,0,16],
                    "texture": "#door_acacia_lower"
                },
                "south": {
                    "texture": "#door_acacia_lower"
                }
            }
        },
        {
            "from": [0,3,4.5],
            "to": [3,3.5,7.5],
            "faces": {
                "up": {
                    "texture": "#door_acacia_lower"
                },
                "west": {
                    "texture": "#door_acacia_lower"
                },
                "east": {
                    "uv": [7.5,12.5,4.5,13],
                    "texture": "#door_acacia_lower"
                },
                "north": {
                    "uv": [3,12.5,0,13],
                    "texture": "#door_acacia_lower"
                },
                "south": {
                    "texture": "#door_acacia_lower"
                }
            }
        },
        {
            "from": [0,3,8.5],
            "to": [3,3.5,11.5],
            "faces": {
                "up": {
                    "uv": [0,7,3,10],
                    "texture": "#door_acacia_lower"
                },
                "west": {
                    "texture": "#door_acacia_lower"
                },
                "east": {
                    "uv": [11.5,12.5,8.5,13],
                    "texture": "#door_acacia_lower"
                },
                "north": {
                    "uv": [3,12.5,0,13],
                    "texture": "#door_acacia_lower"
                },
                "south": {
                    "texture": "#door_acacia_lower"
                }
            }
        },
        {
            "from": [0,3,12.5],
            "to": [3,3.5,16],
            "faces": {
                "up": {
                    "texture": "#door_acacia_lower"
                },
                "west": {
                    "texture": "#door_acacia_lower"
                },
                "east": {
                    "uv": [16,12.5,12.5,13],
                    "texture": "#door_acacia_lower"
                },
                "north": {
                    "uv": [3,12.5,0,13],
                    "texture": "#door_acacia_lower"
                },
                "south": {
                    "texture": "#door_acacia_lower"
                }
            }
        },
        {
            "from": [0,14.5,0],
            "to": [3,15,3.5],
            "faces": {
                "down": {
                    "uv": [0,3.5,3,0],
                    "texture": "#door_acacia_lower"
                },
                "west": {
                    "texture": "#door_acacia_lower"
                },
                "east": {
                    "uv": [3.5,1,0,1.5],
                    "texture": "#door_acacia_lower"
                },
                "north": {
                    "uv": [3,1,0,1.5],
                    "texture": "#door_acacia_lower"
                },
                "south": {
                    "texture": "#door_acacia_lower"
                }
            }
        },
        {
            "from": [0,14.5,4.5],
            "to": [3,15,7.5],
            "faces": {
                "down": {
                    "texture": "#door_acacia_lower"
                },
                "west": {
                    "texture": "#door_acacia_lower"
                },
                "east": {
                    "uv": [7.5,1,4.5,1.5],
                    "texture": "#door_acacia_lower"
                },
                "north": {
                    "uv": [3,1,0,1.5],
                    "texture": "#door_acacia_lower"
                },
                "south": {
                    "texture": "#door_acacia_lower"
                }
            }
        },
        {
            "from": [0,14.5,8.5],
            "to": [3,15,11.5],
            "faces": {
                "down": {
                    "uv": [0,7,3,10],
                    "texture": "#door_acacia_lower"
                },
                "west": {
                    "texture": "#door_acacia_lower"
                },
                "east": {
                    "uv": [11.5,1,8.5,1.5],
                    "texture": "#door_acacia_lower"
                },
                "north": {
                    "uv": [3,1,0,1.5],
                    "texture": "#door_acacia_lower"
                },
                "south": {
                    "texture": "#door_acacia_lower"
                }
            }
        },
        {
            "from": [0,14.5,12.5],
            "to": [3,15,16],
            "faces": {
                "down": {
                    "texture": "#door_acacia_lower"
                },
                "west": {
                    "texture": "#door_acacia_lower"
                },
                "east": {
                    "uv": [16,1,12.5,1.5],
                    "texture": "#door_acacia_lower"
                },
                "north": {
                    "uv": [3,1,0,1.5],
                    "texture": "#door_acacia_lower"
                },
                "south": {
                    "texture": "#door_acacia_lower"
                }
            }
        },
        {
            "from": [0,15,0],
            "to": [3,16,16],
            "faces": {
                "up": {
                    "uv": [0,13,16,16],
                    "texture": "#door_acacia_lower",
                    "rotation": 270
                },
                "down": {
                    "uv": [0,13,16,16],
                    "texture": "#door_acacia_lower",
                    "rotation": 270
                },
                "west": {
                    "texture": "#door_acacia_lower"
                },
                "east": {
                    "uv": [16,0,0,1],
                    "texture": "#door_acacia_lower"
                },
                "north": {
                    "uv": [3,0,0,1],
                    "texture": "#door_acacia_lower"
                },
                "south": {
                    "texture": "#door_acacia_lower"
                }
            }
        },
        {
            "from": [0,3.5,0],
            "to": [3,14.5,3],
            "faces": {
                "west": {
                    "texture": "#door_acacia_lower"
                },
                "east": {
                    "uv": [3,1.5,0,12.5],
                    "texture": "#door_acacia_lower"
                },
                "north": {
                    "uv": [3,1.5,0,12.5],
                    "texture": "#door_acacia_lower"
                },
                "south": {
                    "uv": [13,1.5,16,12.5],
                    "texture": "#door_acacia_lower"
                }
            }
        },
        {
            "from": [0,3.5,13],
            "to": [3,14.5,16],
            "faces": {
                "west": {
                    "texture": "#door_acacia_lower"
                },
                "east": {
                    "uv": [16,1.5,13,12.5],
                    "texture": "#door_acacia_lower"
                },
                "north": {
                    "uv": [16,1.5,13,12.5],
                    "texture": "#door_acacia_lower"
                },
                "south": {
                    "texture": "#door_acacia_lower"
                }
            }
        },
        {
            "from": [0,3.5,5],
            "to": [3,14.5,7],
            "faces": {
                "west": {
                    "texture": "#door_acacia_lower"
                },
                "east": {
                    "uv": [7,1.5,5,12.5],
                    "texture": "#door_acacia_lower"
                },
                "north": {
                    "uv": [16,1.5,13,12.5],
                    "texture": "#door_acacia_lower"
                },
                "south": {
                    "uv": [16,1.5,13,12.5],
                    "texture": "#door_acacia_lower"
                }
            }
        },
        {
            "from": [0,3.5,9],
            "to": [3,14.5,11],
            "faces": {
                "west": {
                    "texture": "#door_acacia_lower"
                },
                "east": {
                    "uv": [11,1.5,9,12.5],
                    "texture": "#door_acacia_lower"
                },
                "north": {
                    "uv": [16,1.5,13,12.5],
                    "texture": "#door_acacia_lower"
                },
                "south": {
                    "uv": [13,1.5,16,12.5],
                    "texture": "#door_acacia_lower"
                }
            }
        }
    ]
}