{
    "__createdwith": "opl's Model Creator",
    "ambientocclusion": false,
    "textures": {
        "bed_feet_top": "blocks/bed_feet_top",
        "bed_feet_side": "blocks/bed_feet_side",
        "bed_feet_end": "blocks/bed_feet_end",
        "planks_oak": "blocks/planks_oak",
        "particle": "blocks/bed_feet_top"
    },
    "elements": [
        {
            "from": [0,3,0],
            "to": [16,9,16],
            "faces": {
                "up": {
                    "texture": "#bed_feet_top",
                    "rotation": 90
                },
                "down": {
                    "texture": "#planks_oak",
                    "rotation": 90
                },
                "west": {
                    "texture": "#bed_feet_side"
                },
                "east": {
                    "uv": [16,7,0,13],
                    "texture": "#bed_feet_side"
                },
                "north": {
                    "texture": "#bed_feet_end"
                }
            }
        },
        {
            "from": [0,0,0],
            "to": [3,3,3],
            "faces": {
                "down": {
                    "texture": "#planks_oak"
                },
                "west": {
                    "texture": "#bed_feet_side"
                },
                "east": {
                    "uv": [3,13,0,16],
                    "texture": "#bed_feet_end"
                },
                "north": {
                    "uv": [13,13,16,16],
                    "texture": "#bed_feet_end"
                },
                "south": {
                    "texture": "#bed_feet_end"
                }
            }
        },
        {
            "from": [13,0,0],
            "to": [16,3,3],
            "faces": {
                "down": {
                    "texture": "#planks_oak"
                },
                "west": {
                    "texture": "#bed_feet_side"
                },
                "east": {
                    "uv": [3,13,0,16],
                    "texture": "#bed_feet_end"
                },
                "north": {
                    "uv": [0,13,3,16],
                    "texture": "#bed_feet_end"
                },
                "south": {
                    "uv": [16,13,13,16],
                    "texture": "#bed_feet_end"
                }
            }
        }
    ]
}