{
    "__createdwith": "opl's Model Creator",
    "ambientocclusion": false,
    "textures": {
        "bed_head_top": "blocks/bed_head_top",
        "bed_head_side": "blocks/bed_head_side",
        "bed_head_end": "blocks/bed_head_end",
        "planks_oak": "blocks/planks_oak",
        "particle": "blocks/bed_head_top"
    },
    "elements": [
        {
            "from": [0,3,0],
            "to": [16,9,16],
            "faces": {
                "up": {
                    "texture": "#bed_head_top",
                    "rotation": 90
                },
                "down": {
                    "texture": "#planks_oak",
                    "rotation": 90
                },
                "west": {
                    "texture": "#bed_head_side"
                },
                "east": {
                    "uv": [16,7,0,13],
                    "texture": "#bed_head_side"
                },
                "south": {
                    "texture": "#bed_head_end"
                }
            }
        },
        {
            "from": [0,0,13],
            "to": [3,3,16],
            "faces": {
                "down": {
                    "texture": "#planks_oak"
                },
                "west": {
                    "texture": "#bed_head_side"
                },
                "east": {
                    "texture": "#bed_head_end"
                },
                "north": {
                    "uv": [3,13,0,16],
                    "texture": "#bed_head_end"
                },
                "south": {
                    "texture": "#bed_head_end"
                }
            }
        },
        {
            "from": [13,0,13],
            "to": [16,3,16],
            "faces": {
                "down": {
                    "texture": "#planks_oak"
                },
                "west": {
                    "uv": [16,13,13,16],
                    "texture": "#bed_head_side"
                },
                "east": {
                    "uv": [16,13,13,16],
                    "texture": "#bed_head_end"
                },
                "north": {
                    "texture": "#bed_head_end"
                },
                "south": {
                    "texture": "#bed_head_end"
                }
            }
        },
        {
            "from": [0,9,8],
            "to": [16,9.5,16],
            "faces": {
                "up": {
                    "uv": [8,0,16,16],
                    "texture": "#bed_head_top",
                    "rotation": 90
                },
                "west": {
                    "uv": [8,15.5,16,16],
                    "texture": "#bed_head_top"
                },
                "east": {
                    "uv": [8,15.5,16,16],
                    "texture": "#bed_head_top"
                },
                "north": {
                    "uv": [15.75,0,16,16],
                    "texture": "#bed_head_top",
                    "rotation": 270
                },
                "south": {
                    "uv": [15.5,0,16,16],
                    "texture": "#bed_head_top",
                    "rotation": 90
                }
            }
        }
    ]
}