{
    "__createdwith": "opl's Model Creator",
    "ambientocclusion": false,
    "textures": {
        "door_birch_lower": "blocks/door_birch_lower",
        "door_birch_upper": "blocks/door_birch_upper",
        "particle": "blocks/door_birch_upper"

    },
    "elements": [
        {
            "from": [0,13,0],
            "to": [3,16,16],
            "faces": {
                "up": {
                    "uv": [13,16,16,0],
                    "texture": "#door_birch_lower"
                },
                "down": {
                    "uv": [13,0,16,16],
                    "texture": "#door_birch_lower"
                },
                "west": {
                    "uv": [16,0,0,3],
                    "texture": "#door_birch_upper"
                },
                "east": {
                    "texture": "#door_birch_upper"
                },
                "north": {
                    "uv": [3,0,0,3],
                    "texture": "#door_birch_upper"
                },
                "south": {
                    "texture": "#door_birch_upper"
                }
            }
        },
        {
            "from": [0,0,0],
            "to": [3,13,3],
            "faces": {
                "up": {
                    "uv": [13,0,16,16],
                    "texture": "#door_birch_lower"
                },
                "down": {
                    "texture": "#door_birch_upper"
                },
                "west": {
                    "uv": [16,3,13,16],
                    "texture": "#door_birch_upper"
                },
                "east": {
                    "uv": [13,3,16,16],
                    "texture": "#door_birch_upper"
                },
                "north": {
                    "uv": [3,3,0,16],
                    "texture": "#door_birch_upper"
                },
                "south": {
                    "uv": [13,13,16,0],
                    "texture": "#door_birch_lower"
                }
            }
        },
        {
            "from": [0,0,13],
            "to": [3,13,16],
            "faces": {
                "up": {
                    "uv": [13,0,16,16],
                    "texture": "#door_birch_lower"
                },
                "down": {
                    "texture": "#door_birch_upper"
                },
                "west": {
                    "uv": [3,3,0,16],
                    "texture": "#door_birch_upper"
                },
                "east": {
                    "uv": [0,3,3,16],
                    "texture": "#door_birch_upper"
                },
                "north": {
                    "uv": [16,13,13,0],
                    "texture": "#door_birch_lower"
                },
                "south": {
                    "texture": "#door_birch_upper"
                }
            }
        },
        {
            "from": [0,12.5,3],
            "to": [3,13,3.5],
            "faces": {
                "down": {
                    "uv": [13,2.5,16,3],
                    "texture": "#door_birch_lower"
                },
                "west": {
                    "uv": [12.5,3,13,3.5],
                    "texture": "#door_birch_upper"
                },
                "east": {
                    "uv": [12.5,3,13,3.5],
                    "texture": "#door_birch_upper"
                },
                "south": {
                    "uv": [13,3,16,3.5],
                    "texture": "#door_birch_lower"
                }
            }
        },
        {
            "from": [0,12.5,12.5],
            "to": [3,13,13],
            "faces": {
                "down": {
                    "uv": [13,3.5,16,4],
                    "texture": "#door_birch_lower"
                },
                "west": {
                    "uv": [3,3,3.5,3.5],
                    "texture": "#door_birch_upper"
                },
                "east": {
                    "uv": [3,3,3.5,3.5],
                    "texture": "#door_birch_upper"
                },
                "north": {
                    "uv": [16,3,13,3.5],
                    "texture": "#door_birch_lower"
                }
            }
        },
        {
            "from": [1.5,0,3],
            "to": [1.5,13,13],
            "faces": {
                "west": {
                    "uv": [13,3,3,16],
                    "texture": "#door_birch_upper"
                },
                "east": {
                    "texture": "#door_birch_upper"
                }
            }
        }
    ]
}