{
    "__createdwith": "opl's Model Creator",
    "ambientocclusion": false,
    "textures": {
        "door_birch_lower": "blocks/door_birch_lower",
        "door_birch_upper": "blocks/door_birch_upper",
        "particle": "blocks/door_birch_upper"

    },
    "elements": [
        {
            "from": [0,0,0],
            "to": [3,16,3],
            "faces": {
                "up": {
                    "texture": "#door_birch_lower"
                },
                "down": {
                    "uv": [13,3,16,0],
                    "texture": "#door_birch_lower"
                },
                "west": {
                    "texture": "#door_birch_lower"
                },
                "east": {
                    "uv": [3,0,0,16],
                    "texture": "#door_birch_lower"
                },
                "north": {
                    "uv": [3,0,0,16],
                    "texture": "#door_birch_lower"
                },
                "south": {
                    "uv": [13,0,16,16],
                    "texture": "#door_birch_lower"
                }
            }
        },
        {
            "from": [0,0,13],
            "to": [3,16,16],
            "faces": {
                "up": {
                    "texture": "#door_birch_lower"
                },
                "down": {
                    "uv": [13,16,16,13],
                    "texture": "#door_birch_lower"
                },
                "west": {
                    "texture": "#door_birch_lower"
                },
                "east": {
                    "uv": [16,0,13,16],
                    "texture": "#door_birch_lower"
                },
                "north": {
                    "uv": [16,0,13,16],
                    "texture": "#door_birch_lower"
                },
                "south": {
                    "texture": "#door_birch_lower"
                }
            }
        },
        {
            "from": [0,0,3],
            "to": [3,12,13],
            "faces": {
                "up": {
                    "uv": [13,4.5,16,14.5],
                    "texture": "#door_birch_lower"
                },
                "down": {
                    "uv": [13,13,16,3],
                    "texture": "#door_birch_lower"
                },
                "west": {
                    "texture": "#door_birch_lower"
                },
                "east": {
                    "uv": [13,4,3,16],
                    "texture": "#door_birch_lower"
                }
            }
        },
        {
            "from": [0,12,3],
            "to": [3,12.5,3.5],
            "faces": {
                "up": {
                    "uv": [13,4.5,16,14.5],
                    "texture": "#door_birch_lower"
                },
                "down": {
                    "uv": [13,13,16,3],
                    "texture": "#door_birch_lower"
                },
                "west": {
                    "texture": "#door_birch_lower"
                },
                "east": {
                    "uv": [3.5,3.5,3,4],
                    "texture": "#door_birch_lower"
                },
                "south": {
                    "uv": [13,3.5,16,4],
                    "texture": "#door_birch_lower"
                }
            }
        },
        {
            "from": [0,12,12.5],
            "to": [3,12.5,13],
            "faces": {
                "up": {
                    "uv": [13,4.5,16,14.5],
                    "texture": "#door_birch_lower"
                },
                "down": {
                    "uv": [13,13,16,3],
                    "texture": "#door_birch_lower"
                },
                "west": {
                    "texture": "#door_birch_lower"
                },
                "east": {
                    "uv": [13,3.5,12.5,4],
                    "texture": "#door_birch_lower"
                },
                "north": {
                    "uv": [16,3.75,13,4.25],
                    "texture": "#door_birch_lower"
                }
            }
        },
        {
            "from": [1.5,12,3],
            "to": [1.5,16,13],
            "faces": {
                "west": {
                    "texture": "#door_birch_lower"
                },
                "east": {
                    "uv": [13,0,3,4],
                    "texture": "#door_birch_lower"
                }
            }
        }
    ]
}