{
    "__createdwith": "opl's Model Creator",
    "ambientocclusion": false,
    "textures": {
        "particle": "blocks/brewing_stand",
        "stand": "blocks/brewing_stand"
    },
    "elements": [
        {
            "from": [9,3,7.5],
            "to": [11,14,8.5],
            "faces": {
                "up": {
                    "uv": [9,5.5,11,6.5],
                    "texture": "#stand"
                },
                "down": {
                    "texture": "#stand"
                },
                "west": {
                    "uv": [6,2,7,13],
                    "texture": "#stand"
                },
                "east": {
                    "uv": [5,2,6,13],
                    "texture": "#stand"
                },
                "north": {
                    "uv": [11,2,9,13],
                    "texture": "#stand"
                },
                "south": {
                    "texture": "#stand"
                }
            }
        },
        {
            "from": [11,12,7.5],
            "to": [13,14,8.5],
            "faces": {
                "up": {
                    "uv": [11,4.5,9,5.5],
                    "texture": "#stand"
                },
                "down": {
                    "uv": [9,6.25,10,8.5],
                    "texture": "#stand",
                    "rotation": 90
                },
                "east": {
                    "uv": [12,2,13,4],
                    "texture": "#stand"
                },
                "north": {
                    "uv": [13,2,11,4],
                    "texture": "#stand"
                },
                "south": {
                    "texture": "#stand"
                }
            }
        },
        {
            "from": [11,11.5,7.5],
            "to": [11.5,12,8.5],
            "faces": {
                "down": {
                    "uv": [9.5,7.5,10,8.25],
                    "texture": "#stand"
                },
                "east": {
                    "uv": [7.5,3.5,8.5,4],
                    "texture": "#stand"
                },
                "north": {
                    "uv": [11.5,4,11,4.5],
                    "texture": "#stand"
                },
                "south": {
                    "texture": "#stand"
                }
            }
        },
        {
            "from": [11.5,14,7.5],
            "to": [12,14.5,8.5],
            "faces": {
                "up": {
                    "uv": [12.5,0,13,1],
                    "texture": "#stand"
                },
                "west": {
                    "uv": [12,1.5,13,2],
                    "texture": "#stand"
                },
                "north": {
                    "uv": [12,1.5,11.5,2],
                    "texture": "#stand"
                },
                "south": {
                    "texture": "#stand"
                }
            }
        },
        {
            "from": [12,14,7.5],
            "to": [13,16,8.5],
            "faces": {
                "up": {
                    "uv": [12,0,13,1],
                    "texture": "#stand"
                },
                "west": {
                    "uv": [12,0,13,2],
                    "texture": "#stand"
                },
                "east": {
                    "uv": [12,0,13,2],
                    "texture": "#stand"
                },
                "north": {
                    "uv": [13,0,12,2],
                    "texture": "#stand"
                },
                "south": {
                    "texture": "#stand"
                }
            }
        },
        {
            "from": [9,2,7.5],
            "to": [9.5,2.5,8.5],
            "faces": {
                "down": {
                    "texture": "#stand"
                },
                "west": {
                    "uv": [6,13,7,13.5],
                    "texture": "#stand"
                },
                "east": {
                    "uv": [9,13,10,13.5],
                    "texture": "#stand"
                },
                "north": {
                    "uv": [9.5,13.5,9,14],
                    "texture": "#stand"
                },
                "south": {
                    "texture": "#stand"
                }
            }
        },
        {
            "from": [9,2.5,7.5],
            "to": [10,3,8.5],
            "faces": {
                "down": {
                    "texture": "#stand"
                },
                "west": {
                    "uv": [6,13,7,13.5],
                    "texture": "#stand"
                },
                "east": {
                    "uv": [6,13,7,13.5],
                    "texture": "#stand"
                },
                "north": {
                    "uv": [10,13,9,13.5],
                    "texture": "#stand"
                },
                "south": {
                    "texture": "#stand"
                }
            }
        },
        {
            "from": [12,7,7.5],
            "to": [13,12,8.5],
            "faces": {
                "down": {
                    "texture": "#stand"
                },
                "west": {
                    "uv": [12,4,13,9],
                    "texture": "#stand"
                },
                "east": {
                    "uv": [12,4,13,9],
                    "texture": "#stand"
                },
                "north": {
                    "uv": [13,4,12,9],
                    "texture": "#stand"
                },
                "south": {
                    "texture": "#stand"
                }
            }
        }
    ]
}