{
    "__createdwith": "opl's Model Creator",
    "ambientocclusion": false,
    "textures": {
        "particle": "blocks/brewing_stand",
        "stand": "blocks/brewing_stand"
    },
    "elements": [
        {
            "from": [5,3,7.5],
            "to": [7,14,8.5],
            "rotation": {
                "origin": [ 8, 8, 8 ],
                "axis": "y",
                "angle": 45
            },
            "faces": {
                "up": {
                    "uv": [11,5.5,9,6.5],
                    "texture": "#stand"
                },
                "down": {
                    "uv": [9,7.5,11,8.5],
                    "texture": "#stand"
                },
                "west": {
                    "uv": [10,2,11,13],
                    "texture": "#stand"
                },
                "east": {
                    "uv": [6,2,7,13],
                    "texture": "#stand"
                },
                "north": {
                    "uv": [7,2,5,13],
                    "texture": "#stand"
                },
                "south": {
                    "texture": "#stand"
                }
            }
        },
        {
            "from": [3,12,7.5],
            "to": [5,14,8.5],
            "rotation": {
                "origin": [ 8, 8, 8 ],
                "axis": "y",
                "angle": 45
            },
            "faces": {
                "up": {
                    "uv": [9,4.5,11,5.5],
                    "texture": "#stand"
                },
                "down": {
                    "uv": [9,6.25,10,8.5],
                    "texture": "#stand",
                    "rotation": 90
                },
                "west": {
                    "uv": [12,2,13,4],
                    "texture": "#stand"
                },
                "east": {
                    "uv": [12,2,13,4],
                    "texture": "#stand"
                },
                "north": {
                    "uv": [11,2,13,4],
                    "texture": "#stand"
                },
                "south": {
                    "uv": [13,2,11,4],
                    "texture": "#stand"
                }
            }
        },
        {
            "from": [4.5,11.5,7.5],
            "to": [5,12,8.5],
            "rotation": {
                "origin": [ 8, 8, 8 ],
                "axis": "y",
                "angle": 45
            },
            "faces": {
                "down": {
                    "uv": [9.5,7.5,10,8.25],
                    "texture": "#stand"
                },
                "west": {
                    "uv": [8.5,4,9.5,4.5],
                    "texture": "#stand"
                },
                "east": {
                    "uv": [7.5,3.5,8.5,4],
                    "texture": "#stand"
                },
                "north": {
                    "uv": [11.5,4,11,4.5],
                    "texture": "#stand"
                },
                "south": {
                    "uv": [11,4,11.5,4.5],
                    "texture": "#stand"
                }
            }
        },
        {
            "from": [4,14,7.5],
            "to": [4.5,14.5,8.5],
            "rotation": {
                "origin": [ 8, 8, 8 ],
                "axis": "y",
                "angle": 45
            },
            "faces": {
                "up": {
                    "uv": [12.5,0,13,1],
                    "texture": "#stand"
                },
                "west": {
                    "uv": [12,1.5,13,2],
                    "texture": "#stand"
                },
                "east": {
                    "uv": [12,1,13,1.5],
                    "texture": "#stand"
                },
                "north": {
                    "uv": [12,1.5,11.5,2],
                    "texture": "#stand"
                },
                "south": {
                    "uv": [11.5,1.5,12,2],
                    "texture": "#stand"
                }
            }
        },
        {
            "from": [3,14,7.5],
            "to": [4,16,8.5],
            "rotation": {
                "origin": [ 8, 8, 8 ],
                "axis": "y",
                "angle": 45
            },
            "faces": {
                "up": {
                    "uv": [12,0,13,1],
                    "texture": "#stand"
                },
                "west": {
                    "uv": [12,0,13,2],
                    "texture": "#stand"
                },
                "east": {
                    "uv": [12,0,13,2],
                    "texture": "#stand"
                },
                "north": {
                    "uv": [12,0,13,2],
                    "texture": "#stand"
                },
                "south": {
                    "uv": [13,0,12,2],
                    "texture": "#stand"
                }
            }
        },
        {
            "from": [6.5,2,7.5],
            "to": [7,2.5,8.5],
            "rotation": {
                "origin": [ 8, 8, 8 ],
                "axis": "y",
                "angle": 45
            },
            "faces": {
                "down": {
                    "texture": "#stand"
                },
                "west": {
                    "uv": [6,13,7,13.5],
                    "texture": "#stand"
                },
                "east": {
                    "uv": [9,13,10,13.5],
                    "texture": "#stand"
                },
                "north": {
                    "uv": [7,13.5,6.5,14],
                    "texture": "#stand"
                },
                "south": {
                    "texture": "#stand"
                }
            }
        },
        {
            "from": [6,2.5,7.5],
            "to": [7,3,8.5],
            "rotation": {
                "origin": [ 8, 8, 8 ],
                "axis": "y",
                "angle": 45
            },
            "faces": {
                "down": {
                    "texture": "#stand"
                },
                "west": {
                    "uv": [6,13,7,13.5],
                    "texture": "#stand"
                },
                "east": {
                    "uv": [6,13,7,13.5],
                    "texture": "#stand"
                },
                "north": {
                    "uv": [7,13,6,13.5],
                    "texture": "#stand"
                },
                "south": {
                    "texture": "#stand"
                }
            }
        },
        {
            "from": [3,7,7.5],
            "to": [4,12,8.5],
            "rotation": {
                "origin": [ 8, 8, 8 ],
                "axis": "y",
                "angle": 45
            },
            "faces": {
                "down": {
                    "uv": [12,8,13,9],
                    "texture": "#stand"
                },
                "west": {
                    "uv": [12,4,13,9],
                    "texture": "#stand"
                },
                "east": {
                    "uv": [12,4,13,9],
                    "texture": "#stand"
                },
                "north": {
                    "uv": [13,4,12,9],
                    "texture": "#stand"
                },
                "south": {
                    "uv": [12,4,13,9],
                    "texture": "#stand"
                }
            }
        }
    ]
}