{
    "__createdwith": "opl's Model Creator",
    "ambientocclusion": false,
    "textures": {
        "particle": "blocks/brewing_stand",
        "stand": "blocks/brewing_stand",
        "base": "blocks/brewing_stand_base"
    },
    "elements": [
        {
            "from": [7,0.5,7],
            "to": [9,15,9],
            "faces": {
                "up": {
                    "uv": [7,6.5,9,8.5],
                    "texture": "#stand"
                },
                "down": {
                    "texture": "#stand"
                },
                "west": {
                    "uv": [7,1.5,9,16],
                    "texture": "#stand"
                },
                "east": {
                    "uv": [7,1.5,9,16],
                    "texture": "#stand"
                },
                "north": {
                    "uv": [7,1.5,9,16],
                    "texture": "#stand"
                },
                "south": {
                    "uv": [7,1.5,9,16],
                    "texture": "#stand"
                }
            }
        },
        {
            "from": [9,0,5],
            "to": [15,2,11],
            "faces": {
                "up": {
                    "texture": "#base"
                },
                "down": {
                    "texture": "#base"
                },
                "west": {
                    "texture": "#base"
                },
                "east": {
                    "texture": "#base"
                },
                "north": {
                    "texture": "#base"
                },
                "south": {
                    "texture": "#base"
                }
            }
        },
        {
            "from": [2,0,1],
            "to": [8,2,7],
            "faces": {
                "up": {
                    "texture": "#base"
                },
                "down": {
                    "texture": "#base"
                },
                "west": {
                    "texture": "#base"
                },
                "east": {
                    "texture": "#base"
                },
                "north": {
                    "texture": "#base"
                },
                "south": {
                    "texture": "#base"
                }
            }
        },
        {
            "from": [2,0,9],
            "to": [8,2,15],
            "faces": {
                "up": {
                    "texture": "#base"
                },
                "down": {
                    "texture": "#base"
                },
                "west": {
                    "texture": "#base"
                },
                "east": {
                    "texture": "#base"
                },
                "north": {
                    "texture": "#base"
                },
                "south": {
                    "texture": "#base"
                }
            }
        },
        {
            "from": [6.5,12.5,6.5],
            "to": [9.5,14.5,9.5],
            "faces": {
                "up": {
                    "uv": [6.5,2,8,3.5],
                    "texture": "#stand"
                },
                "down": {
                    "uv": [8.5,3,10,4.5],
                    "texture": "#stand"
                },
                "west": {
                    "uv": [6.5,2,9.5,4],
                    "texture": "#stand"
                },
                "east": {
                    "uv": [6.5,2,9.5,4],
                    "texture": "#stand"
                },
                "north": {
                    "uv": [6.5,2,9.5,4],
                    "texture": "#stand"
                },
                "south": {
                    "uv": [6.5,2,9.5,4],
                    "texture": "#stand"
                }
            }
        },
        {
            "from": [6.5,12,8.5],
            "to": [7.5,12.5,9.5],
            "faces": {
                "down": {
                    "uv": [6,3.5,7,4.5],
                    "texture": "#stand"
                },
                "west": {
                    "texture": "#stand"
                },
                "east": {
                    "texture": "#stand"
                },
                "north": {
                    "texture": "#stand"
                },
                "south": {
                    "texture": "#stand"
                }
            }
        },
        {
            "from": [6.5,12,6.5],
            "to": [7.5,12.5,7.5],
            "faces": {
                "down": {
                    "uv": [6,3.5,7,4.5],
                    "texture": "#stand"
                },
                "west": {
                    "texture": "#stand"
                },
                "east": {
                    "texture": "#stand"
                },
                "north": {
                    "uv": [8.5,4,9.5,4.5],
                    "texture": "#stand"
                },
                "south": {
                    "texture": "#stand"
                }
            }
        },
        {
            "from": [8.5,12,8.5],
            "to": [9.5,12.5,9.5],
            "faces": {
                "down": {
                    "uv": [6,3.5,7,4.5],
                    "texture": "#stand"
                },
                "west": {
                    "texture": "#stand"
                },
                "east": {
                    "uv": [6.5,4,7.5,4.5],
                    "texture": "#stand"
                },
                "north": {
                    "texture": "#stand"
                },
                "south": {
                    "texture": "#stand"
                }
            }
        },
        {
            "from": [8.5,12,6.5],
            "to": [9.5,12.5,7.5],
            "faces": {
                "down": {
                    "uv": [6,3.5,7,4.5],
                    "texture": "#stand"
                },
                "west": {
                    "texture": "#stand"
                },
                "east": {
                    "uv": [8.5,4,9.5,4.5],
                    "texture": "#stand"
                },
                "north": {
                    "uv": [6.5,4,7.5,4.5],
                    "texture": "#stand"
                },
                "south": {
                    "texture": "#stand"
                }
            }
        }
    ]
}