{
    "__createdwith": "opl's Model Creator",
    "ambientocclusion": false,
    "textures": {
        "particle": "blocks/brewing_stand",
        "stand": "blocks/brewing_stand"
    },
    "elements": [
        {
            "from": [9,3,7.5],
            "to": [11,14,8.5],
            "faces": {
                "up": {
                    "uv": [9,4.5,11,5.5],
                    "texture": "#stand"
                },
                "down": {
                    "uv": [9,12,11,13],
                    "texture": "#stand"
                },
                "west": {
                    "uv": [6,2,7,13],
                    "texture": "#stand"
                },
                "east": {
                    "uv": [5,2,6,13],
                    "texture": "#stand"
                },
                "north": {
                    "uv": [5,2,7,13],
                    "texture": "#stand"
                },
                "south": {
                    "uv": [7,2,5,13],
                    "texture": "#stand"
                }
            }
        },
        {
            "from": [11,12,7.5],
            "to": [13,14,8.5],
            "faces": {
                "up": {
                    "uv": [11,5.5,9,4.5],
                    "texture": "#stand"
                },
                "down": {
                    "uv": [10,4.75,9,7],
                    "texture": "#stand",
                    "rotation": 90
                },
                "west": {
                    "uv": [3,2,4,4],
                    "texture": "#stand"
                },
                "east": {
                    "uv": [3,2,4,4],
                    "texture": "#stand"
                },
                "north": {
                    "uv": [3,2,5,4],
                    "texture": "#stand"
                },
                "south": {
                    "uv": [5,2,3,4],
                    "texture": "#stand"
                }
            }
        },
        {
            "from": [11,11.5,7.5],
            "to": [11.5,12,8.5],
            "faces": {
                "down": {
                    "uv": [9.5,7.5,10,8.25],
                    "texture": "#stand"
                },
                "west": {
                    "uv": [7.5,3.5,8.5,4],
                    "texture": "#stand"
                },
                "east": {
                    "uv": [7.5,3.5,8.5,4],
                    "texture": "#stand"
                },
                "north": {
                    "uv": [5,4,4.5,4.5],
                    "texture": "#stand"
                },
                "south": {
                    "uv": [4.5,4,5,4.5],
                    "texture": "#stand"
                }
            }
        },
        {
            "from": [11.5,14,7.5],
            "to": [12,14.5,8.5],
            "faces": {
                "up": {
                    "uv": [12.5,0,13,1],
                    "texture": "#stand"
                },
                "west": {
                    "uv": [12,1.5,13,2],
                    "texture": "#stand"
                },
                "east": {
                    "uv": [12,1.5,13,2],
                    "texture": "#stand"
                },
                "north": {
                    "uv": [4.5,1.5,4,2],
                    "texture": "#stand"
                },
                "south": {
                    "uv": [4,1.5,4.5,2],
                    "texture": "#stand"
                }
            }
        },
        {
            "from": [12,14,7.5],
            "to": [13,16,8.5],
            "faces": {
                "up": {
                    "uv": [12,0,13,1],
                    "texture": "#stand"
                },
                "west": {
                    "uv": [3,0,4,2],
                    "texture": "#stand"
                },
                "east": {
                    "uv": [3,0,4,2],
                    "texture": "#stand"
                },
                "north": {
                    "uv": [4,0,3,2],
                    "texture": "#stand"
                },
                "south": {
                    "uv": [3,0,4,2],
                    "texture": "#stand"
                }
            }
        },
        {
            "from": [9,2,7.5],
            "to": [9.5,2.5,8.5],
            "faces": {
                "down": {
                    "texture": "#stand"
                },
                "west": {
                    "uv": [6,13,7,13.5],
                    "texture": "#stand"
                },
                "east": {
                    "uv": [9,13,10,13.5],
                    "texture": "#stand"
                },
                "north": {
                    "uv": [7,13.5,6.5,14],
                    "texture": "#stand"
                },
                "south": {
                    "uv": [6.5,13.5,7,14],
                    "texture": "#stand"
                }
            }
        },
        {
            "from": [9,2.5,7.5],
            "to": [10,3,8.5],
            "faces": {
                "down": {
                    "texture": "#stand"
                },
                "west": {
                    "uv": [6,13,7,13.5],
                    "texture": "#stand"
                },
                "east": {
                    "uv": [6,13,7,13.5],
                    "texture": "#stand"
                },
                "north": {
                    "uv": [6,13,7,13.5],
                    "texture": "#stand"
                },
                "south": {
                    "uv": [7,13,6,13.5],
                    "texture": "#stand"
                }
            }
        },
        {
            "from": [12,10,7.5],
            "to": [13,12,8.5],
            "faces": {
                "down": {
                    "uv": [12,8,13,9],
                    "texture": "#stand"
                },
                "west": {
                    "uv": [3,4,4,6],
                    "texture": "#stand"
                },
                "east": {
                    "uv": [3,4,4,6],
                    "texture": "#stand"
                },
                "north": {
                    "uv": [4,4,3,6],
                    "texture": "#stand"
                },
                "south": {
                    "uv": [3,4,4,6],
                    "texture": "#stand"
                }
            }
        },
        {
            "from": [12.5,9.5,7.5],
            "to": [13.5,10.5,8.5],
            "faces": {
                "up": {
                    "uv": [12,5,13,6],
                    "texture": "#stand",
                    "rotation": 90
                },
                "down": {
                    "uv": [12,8,13,9],
                    "texture": "#stand"
                },
                "west": {
                    "uv": [12,6,13,7],
                    "texture": "#stand"
                },
                "east": {
                    "uv": [12,5.5,13,6.5],
                    "texture": "#stand"
                },
                "north": {
                    "uv": [2.5,5.5,3.5,6.5],
                    "texture": "#stand"
                },
                "south": {
                    "uv": [3.5,5.5,2.5,6.5],
                    "texture": "#stand"
                }
            }
        },
        {
            "from": [13,9,7.5],
            "to": [14,10,8.5],
            "faces": {
                "up": {
                    "uv": [2,6,3,7],
                    "texture": "#stand"
                },
                "down": {
                    "uv": [12,8,13,9],
                    "texture": "#stand"
                },
                "west": {
                    "uv": [12,6,13,7],
                    "texture": "#stand"
                },
                "east": {
                    "uv": [12,6.5,13,7.5],
                    "texture": "#stand"
                },
                "north": {
                    "uv": [3,6,2,7],
                    "texture": "#stand"
                },
                "south": {
                    "uv": [2,6,3,7],
                    "texture": "#stand"
                }
            }
        },
        {
            "from": [11,2,8],
            "to": [16,9,8],
            "faces": {
                "north": {
                    "uv": [0,7,5,14],
                    "texture": "#stand"
                },
                "south": {
                    "uv": [0,7,5,14],
                    "texture": "#stand"
                }
            }
        },
        {
            "from": [13.5,2,5.5],
            "to": [13.5,9,10.5],
            "faces": {
                "west": {
                    "uv": [0,7,5,14],
                    "texture": "#stand"
                },
                "east": {
                    "uv": [0,7,5,14],
                    "texture": "#stand"
                }
            }
        }
    ]
}