{
    "ambientocclusion": false,
    "textures": {
        "main": "blocks/mushroom_brown",
        "second": "blocks/mushroom_brown_0",
        "particle": "blocks/mushroom_brown"
    },
    "elements": [
        {   "from": [ 0.8, 0, 8 ],
            "to": [ 15.2, 16, 8 ],
            "rotation": { "origin": [ 5, 8, 3.5 ], "axis": "y", "angle": 45, "rescale": true },
            "shade": false,
            "faces": {
                "north": { "uv": [ 16, 0, 0, 16 ], "texture": "#main" },
                "south": { "uv": [ 0, 0, 16, 16 ], "texture": "#main" }
            }
        },
        {   "from": [ 8, 0, 0.8 ],
            "to": [ 8, 16, 15.2 ],
            "rotation": { "origin": [ 5, 8, 3.5 ], "axis": "y", "angle": 45, "rescale": true },
            "shade": false,
            "faces": {
                "west": { "uv": [ 0, 0, 16, 16 ], "texture": "#main" },
                "east": { "uv": [ 16, 0, 0, 16 ], "texture": "#main" }
            }
        },
        {   "from": [ 0.8, 0, 8 ],
            "to": [ 15.2, 16, 8 ],
            "rotation": { "origin": [ 9, 8, 9.5 ], "axis": "y", "angle": 45, "rescale": true },
            "shade": false,
            "faces": {
                "north": { "uv": [ 16, 0, 0, 16 ], "texture": "#second" },
                "south": { "uv": [ 0, 0, 16, 16 ], "texture": "#second" }
            }
        },
        {   "from": [ 8, 0, 0.8 ],
            "to": [ 8, 16, 15.2 ],
            "rotation": { "origin": [ 9, 8, 9.5 ], "axis": "y", "angle": 45, "rescale": true },
            "shade": false,
            "faces": {
                "west": { "uv": [ 0, 0, 16, 16 ], "texture": "#second" },
                "east": { "uv": [ 16, 0, 0, 16 ], "texture": "#second" }
            }
        }
    ]
}


