{
    "__createdwith": "opl's Model Creator",
    "ambientocclusion": false,
    "textures": {
        "bottom": "blocks/cactus_bottom",
        "side": "blocks/cactus_side_1",
        "side2": "blocks/cactus_side_3",
        "top": "blocks/cactus_top",
        "particle": "blocks/cactus_top"
    },
    "elements": [
        {   "from": [ 0, 0, 0 ],
            "to": [ 16, 16, 16 ],
            "faces": {
                "down": { "uv": [ 0, 0, 16, 16 ], "texture": "#bottom" },
                "up":   { "uv": [ 0, 0, 16, 16 ], "texture": "#top" }
            }
        },
        {
            "from": [0,0,1],
            "to": [16,16,15],
            "faces": {
                "north": {
                    "texture": "#side2"
                },
                "south": {
                    "texture": "#side2"
                }
            }
        },
        {
            "from": [1,0,0],
            "to": [15,16,16],
            "faces": {
                "west": {
                    "texture": "#side"
                },
                "east": {
                    "texture": "#side"
                }
            }
        }
        
    ]
}
