{
    "__createdwith": "opl's Model Creator",
    "ambientocclusion": false,
    "textures": {
        "bottom0": "blocks/cactus_bottom_0",
        "side0": "blocks/cactus_side_4",
        "top0": "blocks/cactus_top_0",
        "particle": "blocks/cactus_top",
        "topflower": "blocks/cactus_top_flower"
    },
    "elements": [
        {
            "from": [1,0,2],
            "to": [15,16,14],
            "faces": {
                "down": {
                    "texture": "#bottom0"
                },
                "north": {
                    "texture": "#side0"
                },
                "south": {
                    "texture": "#side0"
                }
            }
        },
        {
            "from": [2,0,1],
            "to": [14,16,15],
            "faces": {
                "up": {
                    "texture": "#top0"
                },
                "west": {
                    "texture": "#side0"
                },
                "east": {
                    "texture": "#side0"
                }
            }
        },
        {
            "from": [0,16,8],
            "to": [16,32,8],
            "rotation": { "origin": [ 8, 24, 8 ], "axis": "y", "angle": 45, "rescale": true },
            "faces": {
                "north": {
                    "uv": [0,0,16,16],
                    "texture": "#topflower"
                },
                "south": {
                    "uv": [0,0,16,16],
                    "texture": "#topflower"
                }
            }
        },
        {
            "from": [8,16,0],
            "to": [8,32,16],
            "rotation": { "origin": [ 8, 24, 8 ], "axis": "y", "angle": 45, "rescale": true },
            "faces": {
                "west": {
                    "uv": [0,0,16,16],
                    "texture": "#topflower"
                },
                "east": {
                    "uv": [0,0,16,16],
                    "texture": "#topflower"
                }
            }
        }
    ]
}