{
    "__createdwith": "opl's Model Creator",
    "ambientocclusion": false,
    "textures": {
        "bottom0": "blocks/cactus_bottom_0",
        "side0": "blocks/cactus_side_0",
        "top0": "blocks/cactus_top_0",
        "particle": "blocks/cactus_top"
    },
    "elements": [
        {
            "from": [1,0,2],
            "to": [15,16,14],
            "faces": {
                "down": {
                    "texture": "#bottom0"
                },
                "north": {
                    "texture": "#side0"
                },
                "south": {
                    "texture": "#side0"
                }
            }
        },
        {
            "from": [2,0,1],
            "to": [14,16,15],
            "faces": {
                "up": {
                    "texture": "#top0"
                },
                "west": {
                    "texture": "#side0"
                },
                "east": {
                    "texture": "#side0"
                }
            }
        }
    ]
}