{
    "__createdwith": "opl's Model Creator",
    "ambientocclusion": false,
    "textures": {
        "door_dakr_oak_lower": "blocks/door_dark_oak_lower",
        "door_dark_oak_upper": "blocks/door_dark_oak_upper",
        "particle": "blocks/door_dark_oak_lower"
    },
    "elements": [
        {
            "from": [0,3,0],
            "to": [3,14,3],
            "faces": {
                "west": {
                    "uv": [16,2,13,13],
                    "texture": "#door_dakr_oak_lower"
                },
                "east": {
                    "uv": [13,2,16,13],
                    "texture": "#door_dakr_oak_lower"
                },
                "north": {
                    "uv": [3,2,0,13],
                    "texture": "#door_dakr_oak_lower"
                },
                "south": {
                    "uv": [14,2.5,13,13.5],
                    "texture": "#door_dakr_oak_lower"
                }
            }
        },
        {
            "from": [0,3,13],
            "to": [3,14,16],
            "faces": {
                "west": {
                    "uv": [3,2,0,13],
                    "texture": "#door_dakr_oak_lower"
                },
                "east": {
                    "uv": [0,2,3,13],
                    "texture": "#door_dakr_oak_lower"
                },
                "north": {
                    "uv": [16,2.5,15,13.5],
                    "texture": "#door_dakr_oak_lower"
                },
                "south": {
                    "texture": "#door_dakr_oak_lower"
                }
            }
        },
        {
            "from": [0,3,6],
            "to": [3,14,10],
            "faces": {
                "west": {
                    "uv": [10,2,6,13],
                    "texture": "#door_dakr_oak_lower"
                },
                "east": {
                    "texture": "#door_dakr_oak_lower"
                },
                "north": {
                    "uv": [16,2.5,15,13.5],
                    "texture": "#door_dakr_oak_lower"
                },
                "south": {
                    "uv": [14,2.5,13,13.5],
                    "texture": "#door_dakr_oak_lower"
                }
            }
        },
        {
            "from": [0,0,0],
            "to": [3,3,16],
            "faces": {
                "up": {
                    "uv": [13,0,14,16],
                    "texture": "#door_dakr_oak_lower"
                },
                "down": {
                    "uv": [13,0,16,16],
                    "texture": "#door_dakr_oak_lower"
                },
                "west": {
                    "uv": [16,13,0,16],
                    "texture": "#door_dakr_oak_lower"
                },
                "east": {
                    "texture": "#door_dakr_oak_lower"
                },
                "north": {
                    "uv": [3,13,0,16],
                    "texture": "#door_dakr_oak_lower"
                },
                "south": {
                    "texture": "#door_dakr_oak_lower"
                }
            }
        },
        {
            "from": [0,14,0],
            "to": [3,16,16],
            "faces": {
                "up": {
                    "uv": [13,16,16,0],
                    "texture": "#door_dakr_oak_lower"
                },
                "down": {
                    "uv": [16,0,15,16],
                    "texture": "#door_dakr_oak_lower"
                },
                "west": {
                    "uv": [16,0,0,2],
                    "texture": "#door_dakr_oak_lower"
                },
                "east": {
                    "texture": "#door_dakr_oak_lower"
                },
                "north": {
                    "uv": [3,0,0,2],
                    "texture": "#door_dakr_oak_lower"
                },
                "south": {
                    "texture": "#door_dakr_oak_lower"
                }
            }
        },
        {
            "from": [0.5,3,3],
            "to": [2.5,14,13],
            "faces": {
                "west": {
                    "uv": [13,2,3,13],
                    "texture": "#door_dakr_oak_lower"
                },
                "east": {
                    "texture": "#door_dakr_oak_lower"
                }
            }
        }
    ]
}