{
    "__createdwith": "opl's Model Creator",
    "ambientocclusion": false,
    "textures": {
        "door_dark_oak_upper": "blocks/door_dark_oak_upper",
        "door_dakr_oak_lower": "blocks/door_dark_oak_lower",
        "particle": "blocks/door_dark_oak_lower"

    },
    "elements": [
        {
            "from": [0,0,0],
            "to": [3,2,16],
            "faces": {
                "up": {
                    "uv": [13,0,14,16],
                    "texture": "#door_dakr_oak_lower"
                },
                "down": {
                    "uv": [13,0,16,16],
                    "texture": "#door_dakr_oak_lower"
                },
                "west": {
                    "texture": "#door_dark_oak_upper"
                },
                "east": {
                    "uv": [16,14,0,16],
                    "texture": "#door_dark_oak_upper"
                },
                "north": {
                    "uv": [3,14,0,16],
                    "texture": "#door_dark_oak_upper"
                },
                "south": {
                    "texture": "#door_dark_oak_upper"
                }
            }
        },
        {
            "from": [0,13,0],
            "to": [3,16,16],
            "faces": {
                "up": {
                    "uv": [13,0,16,16],
                    "texture": "#door_dakr_oak_lower"
                },
                "down": {
                    "uv": [15,0,16,16],
                    "texture": "#door_dakr_oak_lower"
                },
                "west": {
                    "texture": "#door_dark_oak_upper"
                },
                "east": {
                    "uv": [16,0,0,3],
                    "texture": "#door_dark_oak_upper"
                },
                "north": {
                    "uv": [3,0,0,3],
                    "texture": "#door_dark_oak_upper"
                },
                "south": {
                    "texture": "#door_dark_oak_upper"
                }
            }
        },
        {
            "from": [0,2,0],
            "to": [3,13,3],
            "faces": {
                "west": {
                    "texture": "#door_dark_oak_upper"
                },
                "east": {
                    "uv": [3,3,0,14],
                    "texture": "#door_dark_oak_upper"
                },
                "north": {
                    "uv": [3,3,0,14],
                    "texture": "#door_dark_oak_upper"
                },
                "south": {
                    "uv": [15,2.5,16,13.5],
                    "texture": "#door_dakr_oak_lower"
                }
            }
        },
        {
            "from": [0,2,13],
            "to": [3,13,16],
            "faces": {
                "west": {
                    "texture": "#door_dark_oak_upper"
                },
                "east": {
                    "uv": [16,3,13,14],
                    "texture": "#door_dark_oak_upper"
                },
                "north": {
                    "uv": [13,2.5,14,13.5],
                    "texture": "#door_dakr_oak_lower"
                },
                "south": {
                    "texture": "#door_dark_oak_upper"
                }
            }
        },
        {
            "from": [0,2,6],
            "to": [3,13,10],
            "faces": {
                "west": {
                    "texture": "#door_dark_oak_upper"
                },
                "east": {
                    "uv": [10,3,6,14],
                    "texture": "#door_dark_oak_upper"
                },
                "north": {
                    "uv": [13,2.5,14,13.5],
                    "texture": "#door_dakr_oak_lower"
                },
                "south": {
                    "uv": [15,2.5,16,13.5],
                    "texture": "#door_dakr_oak_lower"
                }
            }
        },
        {
            "from": [0.5,2,3],
            "to": [2.5,13,13],
            "faces": {
                "west": {
                    "texture": "#door_dark_oak_upper"
                },
                "east": {
                    "uv": [13,3,3,14],
                    "texture": "#door_dark_oak_upper"
                }
            }
        }
    ]
}