{
    "__createdwith": "opl's Model Creator",
    "ambientocclusion": false,
    "textures": {
        "rail": "blocks/rail_detector",
        "particle": "blocks/rail_detector"
    },
    "elements": [
        {
            "from": [12,0,0],
            "to": [14,1,16],
            "faces": {
                "up": {
                    "texture": "#rail"
                },
                "down": {
                    "uv": [12.0,16.0,14.0,0.0],
                    "texture": "#rail"
                },
                "west": {
                    "uv": [12.0,0.0,13.0,16.0],
                    "texture": "#rail",
                    "rotation": 90
                },
                "east": {
                    "uv": [2.0,0.0,3.0,16.0],
                    "texture": "#rail",
                    "rotation": 90
                },
                "north": {
                    "uv": [14.0,15.0,12.0,16.0],
                    "texture": "#rail"
                },
                "south": {
                    "texture": "#rail"
                }
            }
        },
        {
            "from": [2,0,0],
            "to": [4,1,16],
            "faces": {
                "up": {
                    "texture": "#rail"
                },
                "down": {
                    "uv": [2.0,16.0,4.0,0.0],
                    "texture": "#rail"
                },
                "west": {
                    "uv": [13.0,0.0,14.0,16.0],
                    "texture": "#rail",
                    "rotation": 270
                },
                "east": {
                    "uv": [3.0,0.0,4.0,16.0],
                    "texture": "#rail",
                    "rotation": 270
                },
                "north": {
                    "uv": [4.0,15.0,2.0,16.0],
                    "texture": "#rail"
                },
                "south": {
                    "texture": "#rail"
                }
            }
        },
        {
            "from": [1.5,0,1],
            "to": [14.5,0.5,3],
            "faces": {
                "up": {
                    "texture": "#rail"
                },
                "down": {
                    "uv": [1.5,3.0,14.5,1.0],
                    "texture": "#rail"
                },
                "west": {
                    "uv": [1.5,1.0,2.0,3.0],
                    "texture": "#rail",
                    "rotation": 270
                },
                "east": {
                    "uv": [14.0,1.0,14.5,3.0],
                    "texture": "#rail",
                    "rotation": 90
                },
                "north": {
                    "uv": [1.5,1.0,14.5,1.5],
                    "texture": "#rail"
                },
                "south": {
                    "uv": [1.5,2.5,14.5,3.0],
                    "texture": "#rail"
                }
            }
        },
        {
            "from": [1.5,0,5],
            "to": [14.5,0.5,7],
            "faces": {
                "up": {
                    "texture": "#rail"
                },
                "down": {
                    "uv": [1.5,7.0,14.5,5.0],
                    "texture": "#rail"
                },
                "west": {
                    "uv": [1.5,5.0,2.0,7.0],
                    "texture": "#rail",
                    "rotation": 270
                },
                "east": {
                    "uv": [14.0,5.0,14.5,7.0],
                    "texture": "#rail",
                    "rotation": 90
                },
                "north": {
                    "uv": [1.5,5.0,14.5,5.5],
                    "texture": "#rail"
                },
                "south": {
                    "uv": [1.5,6.5,14.5,7.0],
                    "texture": "#rail"
                }
            }
        },
        {
            "from": [1.5,0,9],
            "to": [14.5,0.5,11],
            "faces": {
                "up": {
                    "texture": "#rail"
                },
                "down": {
                    "uv": [1.5,11.0,14.5,9.0],
                    "texture": "#rail"
                },
                "west": {
                    "uv": [1.5,9.0,2.0,11.0],
                    "texture": "#rail",
                    "rotation": 270
                },
                "east": {
                    "uv": [14.0,9.0,14.5,11.0],
                    "texture": "#rail",
                    "rotation": 90
                },
                "north": {
                    "uv": [1.5,9.0,14.5,9.5],
                    "texture": "#rail"
                },
                "south": {
                    "uv": [1.5,10.5,14.5,11.0],
                    "texture": "#rail"
                }
            }
        },
        {
            "from": [1.5,0,13],
            "to": [14.5,0.5,15],
            "faces": {
                "up": {
                    "texture": "#rail"
                },
                "down": {
                    "uv": [1.5,15.0,14.5,13.0],
                    "texture": "#rail"
                },
                "west": {
                    "uv": [1.5,13.0,2.0,15.0],
                    "texture": "#rail",
                    "rotation": 270
                },
                "east": {
                    "uv": [14.0,13.0,14.5,15.0],
                    "texture": "#rail",
                    "rotation": 90
                },
                "north": {
                    "uv": [1.5,13.0,14.5,13.5],
                    "texture": "#rail"
                },
                "south": {
                    "uv": [1.5,14.5,14.5,15.0],
                    "texture": "#rail"
                }
            }
        },
        {
            "from": [1,0,13.5],
            "to": [15,0.5,14.5],
            "faces": {
                "up": {
                    "texture": "#rail"
                },
                "down": {
                    "uv": [1.0,14.5,15.0,13.5],
                    "texture": "#rail"
                },
                "west": {
                    "uv": [1.0,13.5,1.5,14.5],
                    "texture": "#rail",
                    "rotation": 270
                },
                "east": {
                    "uv": [14.5,13.5,15.0,14.5],
                    "texture": "#rail",
                    "rotation": 90
                },
                "north": {
                    "uv": [1.0,13.5,15.0,14.0],
                    "texture": "#rail"
                },
                "south": {
                    "uv": [1.0,14.0,15.0,14.5],
                    "texture": "#rail"
                }
            }
        },
        {
            "from": [1,0,9.5],
            "to": [15,0.5,10.5],
            "faces": {
                "up": {
                    "texture": "#rail"
                },
                "down": {
                    "uv": [1.0,10.5,15.0,9.5],
                    "texture": "#rail"
                },
                "west": {
                    "uv": [1.0,13.5,1.5,14.5],
                    "texture": "#rail",
                    "rotation": 270
                },
                "east": {
                    "uv": [14.5,13.5,15.0,14.5],
                    "texture": "#rail",
                    "rotation": 90
                },
                "north": {
                    "uv": [1.0,13.5,15.0,14.0],
                    "texture": "#rail"
                },
                "south": {
                    "uv": [1.0,14.0,15.0,14.5],
                    "texture": "#rail"
                }
            }
        },
        {
            "from": [1,0,5.5],
            "to": [15,0.5,6.5],
            "faces": {
                "up": {
                    "texture": "#rail"
                },
                "down": {
                    "uv": [1.0,6.5,15.0,5.5],
                    "texture": "#rail"
                },
                "west": {
                    "uv": [1.0,13.5,1.5,14.5],
                    "texture": "#rail",
                    "rotation": 270
                },
                "east": {
                    "uv": [14.5,13.5,15.0,14.5],
                    "texture": "#rail",
                    "rotation": 90
                },
                "north": {
                    "uv": [1.0,13.5,15.0,14.0],
                    "texture": "#rail"
                },
                "south": {
                    "uv": [1.0,14.0,15.0,14.5],
                    "texture": "#rail"
                }
            }
        },
        {
            "from": [1,0,1.5],
            "to": [15,0.5,2.5],
            "faces": {
                "up": {
                    "texture": "#rail"
                },
                "down": {
                    "uv": [1.0,2.5,15.0,1.5],
                    "texture": "#rail"
                },
                "west": {
                    "uv": [1.0,13.5,1.5,14.5],
                    "texture": "#rail",
                    "rotation": 270
                },
                "east": {
                    "uv": [14.5,13.5,15.0,14.5],
                    "texture": "#rail",
                    "rotation": 90
                },
                "north": {
                    "uv": [1.0,13.5,15.0,14.0],
                    "texture": "#rail"
                },
                "south": {
                    "uv": [1.0,14.0,15.0,14.5],
                    "texture": "#rail"
                }
            }
        },
        {
            "from": [5,0,7],
            "to": [11,0.5,9],
            "faces": {
                "up": {
                    "texture": "#rail"
                },
                "down": {
                    "texture": "#rail"
                },
                "west": {
                    "uv": [5.0,7.0,5.5,9.0],
                    "texture": "#rail",
                    "rotation": 90
                },
                "east": {
                    "uv": [10.5,7.0,11.0,9.0],
                    "texture": "#rail",
                    "rotation": 90
                },
                "north": {
                    "texture": "#rail"
                },
                "south": {
                    "texture": "#rail"
                }
            }
        }
    ]
}
