{
    "__createdwith": "opl's Model Creator",
    "ambientocclusion": false,
    "textures": {
        "particle": "blocks/enchanting_table_bottom",
        "side": "blocks/enchanting_table_side",
        "top": "blocks/enchanting_table_top",
        "bottom": "blocks/enchanting_table_bottom",
        "crystal": "blocks/enchanting_table_crystal"
    },
    "elements": [
        {
            "from": [13,8,-0.5],
            "to": [16.5,8.5,3],
            "faces": {
                "down": {
                    "uv": [6,1,9.5,4.5],
                    "texture": "#crystal"
                },
                "west": {
                    "uv": [12.5,4,16,4.5],
                    "texture": "#crystal"
                },
                "east": {
                    "uv": [12.5,4,16,4.5],
                    "texture": "#crystal"
                },
                "north": {
                    "uv": [0,4,3.5,4.5],
                    "texture": "#crystal"
                },
                "south": {
                    "uv": [0,4,3.5,4.5],
                    "texture": "#crystal"
                }
            }
        },
        {
            "from": [-0.5,8,-0.5],
            "to": [3,8.5,3],
            "faces": {
                "down": {
                    "uv": [9.5,1,6,4.5],
                    "texture": "#crystal"
                },
                "west": {
                    "uv": [16,4,12.5,4.5],
                    "texture": "#crystal"
                },
                "east": {
                    "uv": [16,4,12.5,4.5],
                    "texture": "#crystal"
                },
                "north": {
                    "uv": [3.5,4,0,4.5],
                    "texture": "#crystal"
                },
                "south": {
                    "uv": [3.5,4,0,4.5],
                    "texture": "#crystal"
                }
            }
        },
        {
            "from": [-0.5,8,13],
            "to": [3,8.5,16.5],
            "faces": {
                "down": {
                    "uv": [9.5,4.5,6,1],
                    "texture": "#crystal"
                },
                "west": {
                    "uv": [12.5,4,16,4.5],
                    "texture": "#crystal"
                },
                "east": {
                    "uv": [12.5,4,16,4.5],
                    "texture": "#crystal"
                },
                "north": {
                    "uv": [0,4,3.5,4.5],
                    "texture": "#crystal"
                },
                "south": {
                    "uv": [0,4,3.5,4.5],
                    "texture": "#crystal"
                }
            }
        },
        {
            "from": [13,8,13],
            "to": [16.5,8.5,16.5],
            "faces": {
                "down": {
                    "uv": [6,4.5,9.5,1],
                    "texture": "#crystal"
                },
                "west": {
                    "uv": [16,4,12.5,4.5],
                    "texture": "#crystal"
                },
                "east": {
                    "uv": [16,4,12.5,4.5],
                    "texture": "#crystal"
                },
                "north": {
                    "uv": [3.5,4,0,4.5],
                    "texture": "#crystal"
                },
                "south": {
                    "uv": [3.5,4,0,4.5],
                    "texture": "#crystal"
                }
            }
        },
        {
            "from": [12.5,8.5,-0.5],
            "to": [16.5,9,3.5],
            "faces": {
                "down": {
                    "uv": [7,7,7.5,7.5],
                    "texture": "#crystal"
                },
                "west": {
                    "uv": [12,3.5,16,4],
                    "texture": "#crystal"
                },
                "east": {
                    "uv": [12,3.5,16,4],
                    "texture": "#crystal"
                },
                "north": {
                    "uv": [0,3.5,4,4],
                    "texture": "#crystal"
                },
                "south": {
                    "uv": [0,3.5,4,4],
                    "texture": "#crystal"
                }
            }
        },
        {
            "from": [-0.5,8.5,-0.5],
            "to": [3.5,9,3.5],
            "faces": {
                "down": {
                    "uv": [7,7,7.5,7.5],
                    "texture": "#crystal"
                },
                "west": {
                    "uv": [16,3.5,12,4],
                    "texture": "#crystal"
                },
                "east": {
                    "uv": [16,3.5,12,4],
                    "texture": "#crystal"
                },
                "north": {
                    "uv": [4,3.5,0,4],
                    "texture": "#crystal"
                },
                "south": {
                    "uv": [4,3.5,0,4],
                    "texture": "#crystal"
                }
            }
        },
        {
            "from": [12.5,8.5,12.5],
            "to": [16.5,9,16.5],
            "faces": {
                "down": {
                    "uv": [7,7,7.5,7.5],
                    "texture": "#crystal"
                },
                "west": {
                    "uv": [16,3.5,12,4],
                    "texture": "#crystal"
                },
                "east": {
                    "uv": [16,3.5,12,4],
                    "texture": "#crystal"
                },
                "north": {
                    "uv": [4,3.5,0,4],
                    "texture": "#crystal"
                },
                "south": {
                    "uv": [4,3.5,0,4],
                    "texture": "#crystal"
                }
            }
        },
        {
            "from": [-0.5,8.5,12.5],
            "to": [3.5,9,16.5],
            "faces": {
                "down": {
                    "uv": [7,7,7.5,7.5],
                    "texture": "#crystal"
                },
                "west": {
                    "uv": [12,3.5,16,4],
                    "texture": "#crystal"
                },
                "east": {
                    "uv": [12,3.5,16,4],
                    "texture": "#crystal"
                },
                "north": {
                    "uv": [0,3.5,4,4],
                    "texture": "#crystal"
                },
                "south": {
                    "uv": [0,3.5,4,4],
                    "texture": "#crystal"
                }
            }
        },
        {
            "from": [-0.5,9,12],
            "to": [4,12,16.5],
            "faces": {
                "down": {
                    "uv": [7,7,7.5,7.5],
                    "texture": "#crystal"
                },
                "west": {
                    "uv": [11.5,0.5,16,3.5],
                    "texture": "#crystal"
                },
                "east": {
                    "uv": [11.5,0.5,16,3.5],
                    "texture": "#crystal"
                },
                "north": {
                    "uv": [0,0.5,4.5,3.5],
                    "texture": "#crystal"
                },
                "south": {
                    "uv": [0,0.5,4.5,3.5],
                    "texture": "#crystal"
                }
            }
        },
        {
            "from": [12,9,-0.5],
            "to": [16.5,12,4],
            "faces": {
                "down": {
                    "uv": [7,7,7.5,7.5],
                    "texture": "#crystal"
                },
                "west": {
                    "uv": [11.5,0.5,16,3.5],
                    "texture": "#crystal"
                },
                "east": {
                    "uv": [11.5,0.5,16,3.5],
                    "texture": "#crystal"
                },
                "north": {
                    "uv": [0,0.5,4.5,3.5],
                    "texture": "#crystal"
                },
                "south": {
                    "uv": [0,0.5,4.5,3.5],
                    "texture": "#crystal"
                }
            }
        },
        {
            "from": [12,9,12],
            "to": [16.5,12,16.5],
            "faces": {
                "down": {
                    "uv": [7,7,7.5,7.5],
                    "texture": "#crystal"
                },
                "west": {
                    "uv": [16,0.5,11.5,3.5],
                    "texture": "#crystal"
                },
                "east": {
                    "uv": [16,0.5,11.5,3.5],
                    "texture": "#crystal"
                },
                "north": {
                    "uv": [4.5,0.5,0,3.5],
                    "texture": "#crystal"
                },
                "south": {
                    "uv": [4.5,0.5,0,3.5],
                    "texture": "#crystal"
                }
            }
        },
        {
            "from": [-0.5,9,-0.5],
            "to": [4,12,4],
            "faces": {
                "down": {
                    "uv": [7,7,7.5,7.5],
                    "texture": "#crystal"
                },
                "west": {
                    "uv": [16,0.5,11.5,3.5],
                    "texture": "#crystal"
                },
                "east": {
                    "uv": [16,0.5,11.5,3.5],
                    "texture": "#crystal"
                },
                "north": {
                    "uv": [4.5,0.5,0,3.5],
                    "texture": "#crystal"
                },
                "south": {
                    "uv": [4.5,0.5,0,3.5],
                    "texture": "#crystal"
                }
            }
        },
        {
            "from": [-0.5,12,-0.5],
            "to": [4,12.5,3],
            "faces": {
                "up": {
                    "uv": [0,0,4.5,3.5],
                    "texture": "#crystal"
                },
                "west": {
                    "uv": [0,0,3.5,0.5],
                    "texture": "#crystal"
                },
                "east": {
                    "uv": [3.5,4,0,4.5],
                    "texture": "#crystal"
                },
                "north": {
                    "uv": [11.5,0,16,0.5],
                    "texture": "#crystal"
                },
                "south": {
                    "uv": [7,7,7.5,7.5],
                    "texture": "#crystal"
                }
            }
        },
        {
            "from": [-0.5,12,3],
            "to": [3.5,12.5,3.5],
            "faces": {
                "up": {
                    "uv": [0,3.5,4,4],
                    "texture": "#crystal"
                },
                "west": {
                    "uv": [3.5,0,4,0.5],
                    "texture": "#crystal"
                },
                "east": {
                    "texture": "#crystal"
                },
                "north": {
                    "uv": [4,3.5,0,4],
                    "texture": "#crystal"
                },
                "south": {
                    "texture": "#crystal"
                }
            }
        },
        {
            "from": [-0.5,12,3.5],
            "to": [3,12.5,4],
            "faces": {
                "up": {
                    "uv": [0,4,3.5,4.5],
                    "texture": "#crystal"
                },
                "west": {
                    "uv": [4,0,4.5,0.5],
                    "texture": "#crystal"
                },
                "east": {
                    "texture": "#crystal"
                },
                "south": {
                    "uv": [0,4,3.5,4.5],
                    "texture": "#crystal"
                }
            }
        },
        {
            "from": [12,12,-0.5],
            "to": [16.5,12.5,3],
            "faces": {
                "up": {
                    "uv": [4.5,0,0,3.5],
                    "texture": "#crystal"
                },
                "west": {
                    "uv": [0,4,3.5,4.5],
                    "texture": "#crystal"
                },
                "east": {
                    "uv": [3.5,0,0,0.5],
                    "texture": "#crystal"
                },
                "north": {
                    "uv": [16,0,11.5,0.5],
                    "texture": "#crystal"
                },
                "south": {
                    "uv": [7,7,7.5,7.5],
                    "texture": "#crystal"
                }
            }
        },
        {
            "from": [12,12,13],
            "to": [16.5,12.5,16.5],
            "faces": {
                "up": {
                    "uv": [4.5,3.5,0,0],
                    "texture": "#crystal"
                },
                "west": {
                    "uv": [3.5,4,0,4.5],
                    "texture": "#crystal"
                },
                "east": {
                    "uv": [0,0,3.5,0.5],
                    "texture": "#crystal"
                },
                "north": {
                    "uv": [0,4,3.5,4.5],
                    "texture": "#crystal"
                },
                "south": {
                    "uv": [11.5,0,16,0.5],
                    "texture": "#crystal"
                }
            }
        },
        {
            "from": [-0.5,12,12.5],
            "to": [3.5,12.5,13],
            "faces": {
                "up": {
                    "uv": [0,3.5,4,4],
                    "texture": "#crystal"
                },
                "west": {
                    "uv": [3.5,0,4,0.5],
                    "texture": "#crystal"
                },
                "east": {
                    "texture": "#crystal"
                },
                "north": {
                    "uv": [4,3.5,0,4],
                    "texture": "#crystal"
                },
                "south": {
                    "texture": "#crystal"
                }
            }
        },
        {
            "from": [12.5,12,12.5],
            "to": [16.5,12.5,13],
            "faces": {
                "up": {
                    "uv": [4,3.5,0,4],
                    "texture": "#crystal"
                },
                "west": {
                    "uv": [7,7,7.5,7.5],
                    "texture": "#crystal"
                },
                "east": {
                    "uv": [3.5,0,4,0.5],
                    "texture": "#crystal"
                },
                "north": {
                    "uv": [0,4,4,3.5],
                    "texture": "#crystal"
                },
                "south": {
                    "texture": "#crystal"
                }
            }
        },
        {
            "from": [12.5,12,3],
            "to": [16.5,12.5,3.5],
            "faces": {
                "up": {
                    "uv": [4,3.5,0,4],
                    "texture": "#crystal"
                },
                "west": {
                    "uv": [7,7,7.5,7.5],
                    "texture": "#crystal"
                },
                "east": {
                    "uv": [3.5,0,4,0.5],
                    "texture": "#crystal"
                },
                "north": {
                    "uv": [4,3.5,0,4],
                    "texture": "#crystal"
                },
                "south": {
                    "texture": "#crystal"
                }
            }
        },
        {
            "from": [-0.5,12,12],
            "to": [3,12.5,12.5],
            "faces": {
                "up": {
                    "uv": [0,11.5,3.5,12],
                    "texture": "#crystal"
                },
                "west": {
                    "uv": [0,11.5,0.5,12],
                    "texture": "#crystal"
                },
                "east": {
                    "uv": [7,7,7.5,7.5],
                    "texture": "#crystal"
                },
                "north": {
                    "uv": [3.5,11.5,0,12],
                    "texture": "#crystal"
                },
                "south": {
                    "uv": [0,11.5,3.5,12],
                    "texture": "#crystal"
                }
            }
        },
        {
            "from": [13,12,12],
            "to": [16.5,12.5,12.5],
            "faces": {
                "up": {
                    "uv": [3.5,11.5,0,12],
                    "texture": "#crystal"
                },
                "west": {
                    "uv": [7,7,7.5,7.5],
                    "texture": "#crystal"
                },
                "east": {
                    "uv": [0,11.5,0.5,12],
                    "texture": "#crystal"
                },
                "north": {
                    "uv": [0,11.5,3.5,12],
                    "texture": "#crystal"
                },
                "south": {
                    "uv": [0,11.5,3.5,12],
                    "texture": "#crystal"
                }
            }
        },
        {
            "from": [13,12,3.5],
            "to": [16.5,12.5,4],
            "faces": {
                "up": {
                    "uv": [3.5,11.5,0,12],
                    "texture": "#crystal"
                },
                "west": {
                    "uv": [7,7,7.5,7.5],
                    "texture": "#crystal"
                },
                "east": {
                    "uv": [0,11.5,0.5,12],
                    "texture": "#crystal"
                },
                "north": {
                    "uv": [3.5,11.5,0,12],
                    "texture": "#crystal"
                },
                "south": {
                    "uv": [3.5,11.5,0,12],
                    "texture": "#crystal"
                }
            }
        },
        {
            "from": [-0.5,12,13],
            "to": [4,12.5,16.5],
            "faces": {
                "up": {
                    "uv": [0,3.5,4.5,0],
                    "texture": "#crystal"
                },
                "west": {
                    "uv": [3.5,0,0,0.5],
                    "texture": "#crystal"
                },
                "east": {
                    "uv": [0,4,3.5,4.5],
                    "texture": "#crystal"
                },
                "north": {
                    "uv": [3.5,4,0,4.5],
                    "texture": "#crystal"
                },
                "south": {
                    "uv": [0,0,4.5,0.5],
                    "texture": "#crystal"
                }
            }
        },
        {
            "from": [0,0,0],
            "to": [16,12,16],
            "faces": {
                "up": {
                    "texture": "#top"
                },
                "down": {
                    "texture": "#bottom"
                },
                "west": {
                    "texture": "#side"
                },
                "east": {
                    "texture": "#side"
                },
                "north": {
                    "texture": "#side"
                },
                "south": {
                    "texture": "#side"
                }
            }
        }
    ]
}