{
    "__createdwith": "opl's Model Creator",
    "ambientocclusion": false,
    "textures": {
        "rail": "blocks/rail_golden_powered",
        "particle": "blocks/rail_golden_powered"
    },
    "elements": [
        {
            "from": [12,0,0],
            "to": [14,1,16],
            "faces": {
                "up": {
                    "texture": "#rail"
                },
                "down": {
                    "uv": [12,16,14,0],
                    "texture": "#rail"
                },
                "west": {
                    "uv": [12,0,13,16],
                    "texture": "#rail",
                    "rotation": 90
                },
                "east": {
                    "uv": [2,0,3,16],
                    "texture": "#rail",
                    "rotation": 90
                },
                "north": {
                    "uv": [14,15,12,16],
                    "texture": "#rail"
                },
                "south": {
                    "texture": "#rail"
                }
            }
        },
        {
            "from": [2,0,0],
            "to": [4,1,16],
            "faces": {
                "up": {
                    "texture": "#rail"
                },
                "down": {
                    "uv": [2,16,4,0],
                    "texture": "#rail"
                },
                "west": {
                    "uv": [13,0,14,16],
                    "texture": "#rail",
                    "rotation": 270
                },
                "east": {
                    "uv": [3,0,4,16],
                    "texture": "#rail",
                    "rotation": 270
                },
                "north": {
                    "uv": [4,15,2,16],
                    "texture": "#rail"
                },
                "south": {
                    "texture": "#rail"
                }
            }
        },
        {
            "from": [1.5,0,1],
            "to": [14.5,0.5,3],
            "faces": {
                "up": {
                    "texture": "#rail"
                },
                "down": {
                    "uv": [1.5,3,14.5,1],
                    "texture": "#rail"
                },
                "west": {
                    "uv": [1.5,1,2,3],
                    "texture": "#rail",
                    "rotation": 270
                },
                "east": {
                    "uv": [14,1,14.5,3],
                    "texture": "#rail",
                    "rotation": 90
                },
                "north": {
                    "uv": [1.5,1,14.5,1.5],
                    "texture": "#rail"
                },
                "south": {
                    "uv": [1.5,2.5,14.5,3],
                    "texture": "#rail"
                }
            }
        },
        {
            "from": [1.5,0,5],
            "to": [14.5,0.5,7],
            "faces": {
                "up": {
                    "texture": "#rail"
                },
                "down": {
                    "uv": [1.5,7,14.5,5],
                    "texture": "#rail"
                },
                "west": {
                    "uv": [1.5,5,2,7],
                    "texture": "#rail",
                    "rotation": 270
                },
                "east": {
                    "uv": [14,5,14.5,7],
                    "texture": "#rail",
                    "rotation": 90
                },
                "north": {
                    "uv": [1.5,5,14.5,5.5],
                    "texture": "#rail"
                },
                "south": {
                    "uv": [1.5,6.5,14.5,7],
                    "texture": "#rail"
                }
            }
        },
        {
            "from": [1.5,0,9],
            "to": [14.5,0.5,11],
            "faces": {
                "up": {
                    "texture": "#rail"
                },
                "down": {
                    "uv": [1.5,11,14.5,9],
                    "texture": "#rail"
                },
                "west": {
                    "uv": [1.5,9,2,11],
                    "texture": "#rail",
                    "rotation": 270
                },
                "east": {
                    "uv": [14,9,14.5,11],
                    "texture": "#rail",
                    "rotation": 90
                },
                "north": {
                    "uv": [1.5,9,14.5,9.5],
                    "texture": "#rail"
                },
                "south": {
                    "uv": [1.5,10.5,14.5,11],
                    "texture": "#rail"
                }
            }
        },
        {
            "from": [1.5,0,13],
            "to": [14.5,0.5,15],
            "faces": {
                "up": {
                    "texture": "#rail"
                },
                "down": {
                    "uv": [1.5,15,14.5,13],
                    "texture": "#rail"
                },
                "west": {
                    "uv": [1.5,13,2,15],
                    "texture": "#rail",
                    "rotation": 270
                },
                "east": {
                    "uv": [14,13,14.5,15],
                    "texture": "#rail",
                    "rotation": 90
                },
                "north": {
                    "uv": [1.5,13,14.5,13.5],
                    "texture": "#rail"
                },
                "south": {
                    "uv": [1.5,14.5,14.5,15],
                    "texture": "#rail"
                }
            }
        },
        {
            "from": [1,0,13.5],
            "to": [15,0.5,14.5],
            "faces": {
                "up": {
                    "texture": "#rail"
                },
                "down": {
                    "uv": [1,14.5,15,13.5],
                    "texture": "#rail"
                },
                "west": {
                    "uv": [1,13.5,1.5,14.5],
                    "texture": "#rail",
                    "rotation": 270
                },
                "east": {
                    "uv": [14.5,13.5,15,14.5],
                    "texture": "#rail",
                    "rotation": 90
                },
                "north": {
                    "uv": [1,13.5,15,14],
                    "texture": "#rail"
                },
                "south": {
                    "uv": [1,14,15,14.5],
                    "texture": "#rail"
                }
            }
        },
        {
            "from": [1,0,9.5],
            "to": [15,0.5,10.5],
            "faces": {
                "up": {
                    "texture": "#rail"
                },
                "down": {
                    "uv": [1,10.5,15,9.5],
                    "texture": "#rail"
                },
                "west": {
                    "uv": [1,13.5,1.5,14.5],
                    "texture": "#rail",
                    "rotation": 270
                },
                "east": {
                    "uv": [14.5,13.5,15,14.5],
                    "texture": "#rail",
                    "rotation": 90
                },
                "north": {
                    "uv": [1,13.5,15,14],
                    "texture": "#rail"
                },
                "south": {
                    "uv": [1,14,15,14.5],
                    "texture": "#rail"
                }
            }
        },
        {
            "from": [1,0,5.5],
            "to": [15,0.5,6.5],
            "faces": {
                "up": {
                    "texture": "#rail"
                },
                "down": {
                    "uv": [1,6.5,15,5.5],
                    "texture": "#rail"
                },
                "west": {
                    "uv": [1,13.5,1.5,14.5],
                    "texture": "#rail",
                    "rotation": 270
                },
                "east": {
                    "uv": [14.5,13.5,15,14.5],
                    "texture": "#rail",
                    "rotation": 90
                },
                "north": {
                    "uv": [1,13.5,15,14],
                    "texture": "#rail"
                },
                "south": {
                    "uv": [1,14,15,14.5],
                    "texture": "#rail"
                }
            }
        },
        {
            "from": [1,0,1.5],
            "to": [15,0.5,2.5],
            "faces": {
                "up": {
                    "texture": "#rail"
                },
                "down": {
                    "uv": [1,2.5,15,1.5],
                    "texture": "#rail"
                },
                "west": {
                    "uv": [1,13.5,1.5,14.5],
                    "texture": "#rail",
                    "rotation": 270
                },
                "east": {
                    "uv": [14.5,13.5,15,14.5],
                    "texture": "#rail",
                    "rotation": 90
                },
                "north": {
                    "uv": [1,13.5,15,14],
                    "texture": "#rail"
                },
                "south": {
                    "uv": [1,14,15,14.5],
                    "texture": "#rail"
                }
            }
        },
        {
            "from": [7.5,0,3],
            "to": [8.5,0.5,13],
            "faces": {
                "up": {
                    "texture": "#rail"
                },
                "down": {
                    "uv": [7.5,13,8.5,3],
                    "texture": "#rail"
                },
                "west": {
                    "uv": [7.5,3,8,13],
                    "texture": "#rail",
                    "rotation": 90
                },
                "east": {
                    "uv": [8,3,8.5,13],
                    "texture": "#rail",
                    "rotation": 90
                }
            }
        },
        {
            "from": [4,0,0],
            "to": [5,1,16],
            "faces": {
                "up": {
                    "texture": "#rail"
                },
                "down": {
                    "uv": [4,16,5,0],
                    "texture": "#rail"
                },
                "east": {
                    "uv": [11,0,12,16],
                    "texture": "#rail",
                    "rotation": 90
                },
                "north": {
                    "texture": "#rail"
                },
                "south": {
                    "texture": "#rail"
                }
            }
        },
        {
            "from": [11,0,0],
            "to": [12,1,16],
            "faces": {
                "up": {
                    "texture": "#rail"
                },
                "down": {
                    "uv": [11,16,12,0],
                    "texture": "#rail"
                },
                "west": {
                    "uv": [4,0,5,16],
                    "texture": "#rail",
                    "rotation": 90
                },
                "north": {
                    "texture": "#rail"
                },
                "south": {
                    "texture": "#rail"
                }
            }
        }
    ]
}