{
    "__createdwith": "opl's Model Creator",
    "ambientocclusion": false,
    "textures": {
        "door_iron_upper": "blocks/door_iron_upper", 
        "door_iron_lower": "blocks/door_iron_lower", 
        "particle": "blocks/door_iron_upper"

    },
    "elements": [
        {
            "from": [0,0,0],
            "to": [3,16,3],
            "faces": {
                "up": {
                    "texture": "#door_iron_lower"
                },
                "down": {
                    "uv": [0,3,3,0],
                    "texture": "#door_iron_upper"
                },
                "west": {
                    "texture": "#door_iron_upper"
                },
                "east": {
                    "uv": [3,0,0,16],
                    "texture": "#door_iron_upper"
                },
                "north": {
                    "uv": [3,0,0,16],
                    "texture": "#door_iron_upper"
                },
                "south": {
                    "uv": [16,0,13,16],
                    "texture": "#door_iron_upper"
                }
            }
        },
        {
            "from": [0,0,13],
            "to": [3,16,16],
            "faces": {
                "up": {
                    "texture": "#door_iron_lower"
                },
                "down": {
                    "uv": [0,16,3,13],
                    "texture": "#door_iron_upper"
                },
                "west": {
                    "texture": "#door_iron_upper"
                },
                "east": {
                    "uv": [16,0,13,16],
                    "texture": "#door_iron_upper"
                },
                "north": {
                    "uv": [13,0,16,16],
                    "texture": "#door_iron_upper"
                },
                "south": {
                    "texture": "#door_iron_upper"
                }
            }
        },
        {
            "from": [0,5,7],
            "to": [3,13,9],
            "faces": {
                "west": {
                    "texture": "#door_iron_upper"
                },
                "east": {
                    "uv": [9,3,7,11],
                    "texture": "#door_iron_upper"
                },
                "north": {
                    "uv": [13,3,16,11],
                    "texture": "#door_iron_upper"
                },
                "south": {
                    "uv": [16,3,13,11],
                    "texture": "#door_iron_upper"
                }
            }
        },
        {
            "from": [0,13,3],
            "to": [3,16,13],
            "faces": {
                "up": {
                    "texture": "#door_iron_lower"
                },
                "down": {
                    "uv": [16,3,13,13],
                    "texture": "#door_iron_upper"
                },
                "west": {
                    "texture": "#door_iron_upper"
                },
                "east": {
                    "uv": [13,0,3,3],
                    "texture": "#door_iron_upper"
                }
            }
        },
        {
            "from": [0,8,3],
            "to": [3,10,13],
            "faces": {
                "up": {
                    "uv": [3,11,13,14],
                    "texture": "#door_iron_upper",
                    "rotation": 90
                },
                "down": {
                    "uv": [3,11,13,14],
                    "texture": "#door_iron_upper",
                    "rotation": 90
                },
                "west": {
                    "texture": "#door_iron_upper"
                },
                "east": {
                    "uv": [13,6,3,8],
                    "texture": "#door_iron_upper"
                }
            }
        },
        {
            "from": [0,0,3],
            "to": [3,5,13],
            "faces": {
                "up": {
                    "uv": [16,3,13,13],
                    "texture": "#door_iron_upper"
                },
                "down": {
                    "uv": [0,13,3,3],
                    "texture": "#door_iron_upper"
                },
                "west": {
                    "texture": "#door_iron_upper"
                },
                "east": {
                    "uv": [13,11,3,16],
                    "texture": "#door_iron_upper"
                }
            }
        }
    ]
}