{
    "__createdwith": "opl's Model Creator",
    "ambientocclusion": false,
    "textures": {
        "door_iron_lower": "blocks/door_iron_lower",
        "particle": "blocks/door_iron_upper"

    },
    "elements": [
        {
            "from": [0,0,0],
            "to": [3,16,16],
            "faces": {
                "up": {
                    "uv": [16,3,13,13],
                    "texture": "#door_iron_lower"
                },
                "down": {
                    "uv": [0,16,3,0],
                    "texture": "#door_iron_lower"
                },
                "west": {
                    "uv": [16,0,0,16],
                    "texture": "#door_iron_lower"
                },
                "east": {
                    "texture": "#door_iron_lower"
                },
                "north": {
                    "uv": [3,0,0,16],
                    "texture": "#door_iron_lower"
                },
                "south": {
                    "texture": "#door_iron_lower"
                }
            }
        }
    ]
}