{
    "__createdwith": "opl's Model Creator",
    "ambientocclusion": false,
    "textures": {
        "door_jungle_lower": "blocks/door_jungle_lower",
        "particle": "blocks/door_jungle_lower"

    },
    "elements": [
        {
            "from": [0,0,0],
            "to": [3,16,7],
            "faces": {
                "up": {
                    "texture": "#door_jungle_lower"
                },
                "down": {
                    "uv": [0,7,3,0],
                    "texture": "#door_jungle_lower"
                },
                "west": {
                    "texture": "#door_jungle_lower"
                },
                "east": {
                    "uv": [7,0,0,16],
                    "texture": "#door_jungle_lower"
                },
                "north": {
                    "uv": [3,0,0,16],
                    "texture": "#door_jungle_lower"
                },
                "south": {
                    "uv": [15.5,0,12.5,16],
                    "texture": "#door_jungle_lower"
                }
            }
        },
        {
            "from": [0,0,9],
            "to": [3,16,16],
            "faces": {
                "up": {
                    "texture": "#door_jungle_lower"
                },
                "down": {
                    "uv": [0,16,3,9],
                    "texture": "#door_jungle_lower"
                },
                "west": {
                    "texture": "#door_jungle_lower"
                },
                "east": {
                    "uv": [16,0,9,16],
                    "texture": "#door_jungle_lower"
                },
                "north": {
                    "uv": [11,0,14,16],
                    "texture": "#door_jungle_lower"
                },
                "south": {
                    "texture": "#door_jungle_lower"
                }
            }
        },
        {
            "from": [0,14,7],
            "to": [3,16,9],
            "faces": {
                "up": {
                    "texture": "#door_jungle_lower"
                },
                "down": {
                    "uv": [6,7.5,3,9.5],
                    "texture": "#door_jungle_lower"
                },
                "west": {
                    "texture": "#door_jungle_lower"
                },
                "east": {
                    "uv": [9,0,7,2],
                    "texture": "#door_jungle_lower"
                }
            }
        },
        {
            "from": [0,0,7],
            "to": [3,2,9],
            "faces": {
                "up": {
                    "uv": [4,6,6,9],
                    "texture": "#door_jungle_lower",
                    "rotation": 90
                },
                "down": {
                    "uv": [0,9,3,7],
                    "texture": "#door_jungle_lower"
                },
                "west": {
                    "texture": "#door_jungle_lower"
                },
                "east": {
                    "uv": [9,14,7,16],
                    "texture": "#door_jungle_lower"
                }
            }
        }
    ]
}