{
    "__createdwith": "opl's Model Creator",
    "ambientocclusion": false,
    "textures": {
        "door_jungle_upper": "blocks/door_jungle_upper", 
        "door_jungle_lower": "blocks/door_jungle_lower",
        "particle": "blocks/door_jungle_upper"

    },
    "elements": [
        {
            "from": [0,0,0],
            "to": [3,16,4],
            "faces": {
                "up": {
                    "texture": "#door_jungle_lower"
                },
                "down": {
                    "texture": "#door_jungle_upper"
                },
                "west": {
                    "uv": [0,0,4,16],
                    "texture": "#door_jungle_upper"
                },
                "east": {
                    "uv": [4,0,0,16],
                    "texture": "#door_jungle_upper"
                },
                "north": {
                    "uv": [3,0,0,16],
                    "texture": "#door_jungle_upper"
                },
                "south": {
                    "uv": [13,0,16,16],
                    "texture": "#door_jungle_upper"
                }
            }
        },
        {
            "from": [0,0,12],
            "to": [3,16,16],
            "faces": {
                "up": {
                    "texture": "#door_jungle_lower"
                },
                "down": {
                    "texture": "#door_jungle_upper"
                },
                "west": {
                    "uv": [12,0,16,16],
                    "texture": "#door_jungle_upper"
                },
                "east": {
                    "uv": [16,0,12,16],
                    "texture": "#door_jungle_upper"
                },
                "north": {
                    "uv": [16,0,13,16],
                    "texture": "#door_jungle_upper"
                },
                "south": {
                    "texture": "#door_jungle_upper"
                }
            }
        },
        {
            "from": [0,0,4],
            "to": [3,6,12],
            "faces": {
                "up": {
                    "uv": [4,13,12,10],
                    "texture": "#door_jungle_upper",
                    "rotation": 90
                },
                "down": {
                    "texture": "#door_jungle_upper"
                },
                "west": {
                    "texture": "#door_jungle_upper"
                },
                "east": {
                    "uv": [12,10,4,16],
                    "texture": "#door_jungle_upper"
                }
            }
        },
        {
            "from": [0,13,4],
            "to": [3,16,12],
            "faces": {
                "up": {
                    "texture": "#door_jungle_lower"
                },
                "down": {
                    "uv": [4,0,12,3],
                    "texture": "#door_jungle_upper",
                    "rotation": 90
                },
                "west": {
                    "texture": "#door_jungle_upper"
                },
                "east": {
                    "uv": [12,0,4,3],
                    "texture": "#door_jungle_upper"
                }
            }
        },
        {
            "from": [0,12.5,4],
            "to": [3,13,6],
            "faces": {
                "down": {
                    "uv": [0,3.5,3,1.5],
                    "texture": "#door_jungle_upper"
                },
                "west": {
                    "texture": "#door_jungle_upper"
                },
                "east": {
                    "uv": [6,3,4,3.5],
                    "texture": "#door_jungle_upper"
                },
                "south": {
                    "uv": [3,3,0,3.5],
                    "texture": "#door_jungle_upper"
                }
            }
        },
        {
            "from": [0,12.5,10],
            "to": [3,13,12],
            "faces": {
                "down": {
                    "uv": [3,10,0,12],
                    "texture": "#door_jungle_upper"
                },
                "west": {
                    "texture": "#door_jungle_upper"
                },
                "east": {
                    "uv": [12,3,10,3.5],
                    "texture": "#door_jungle_upper"
                },
                "north": {
                    "texture": "#door_jungle_upper"
                }
            }
        },
        {
            "from": [0,12,4],
            "to": [3,12.5,5.5],
            "faces": {
                "down": {
                    "uv": [0,7,3,8.5],
                    "texture": "#door_jungle_upper"
                },
                "west": {
                    "texture": "#door_jungle_upper"
                },
                "east": {
                    "uv": [5.5,3.5,4,4],
                    "texture": "#door_jungle_upper"
                },
                "south": {
                    "uv": [0.5,3.5,3.5,4],
                    "texture": "#door_jungle_upper"
                }
            }
        },
        {
            "from": [0,12,10.5],
            "to": [3,12.5,12],
            "faces": {
                "down": {
                    "uv": [3,10.5,0,12],
                    "texture": "#door_jungle_upper"
                },
                "west": {
                    "texture": "#door_jungle_upper"
                },
                "east": {
                    "uv": [12,3.5,10.5,4],
                    "texture": "#door_jungle_upper"
                },
                "north": {
                    "uv": [3.5,3.5,0.5,4],
                    "texture": "#door_jungle_upper"
                }
            }
        },
        {
            "from": [0,10.5,4],
            "to": [3,12,5],
            "faces": {
                "down": {
                    "uv": [0,7,3,8],
                    "texture": "#door_jungle_upper"
                },
                "west": {
                    "texture": "#door_jungle_upper"
                },
                "east": {
                    "uv": [5,4,4,5.5],
                    "texture": "#door_jungle_upper"
                },
                "south": {
                    "uv": [0,1.5,3,3],
                    "texture": "#door_jungle_upper"
                }
            }
        },
        {
            "from": [0,10.5,11],
            "to": [3,12,12],
            "faces": {
                "down": {
                    "uv": [3,11,0,12],
                    "texture": "#door_jungle_upper"
                },
                "west": {
                    "texture": "#door_jungle_upper"
                },
                "east": {
                    "uv": [12,4,11,5.5],
                    "texture": "#door_jungle_upper"
                },
                "north": {
                    "uv": [0,8,3,6.5],
                    "texture": "#door_jungle_upper"
                }
            }
        },
        {
            "from": [0,10,4],
            "to": [3,10.5,4.5],
            "faces": {
                "down": {
                    "uv": [0,2,3,2.5],
                    "texture": "#door_jungle_upper"
                },
                "west": {
                    "uv": [4,5.5,4.5,6],
                    "texture": "#door_jungle_upper"
                },
                "east": {
                    "texture": "#door_jungle_upper"
                },
                "south": {
                    "uv": [6,1,9,1.5],
                    "texture": "#door_jungle_upper"
                }
            }
        },
        {
            "from": [0,10,11.5],
            "to": [3,10.5,12],
            "faces": {
                "down": {
                    "uv": [3,11.5,0,12],
                    "texture": "#door_jungle_upper"
                },
                "west": {
                    "texture": "#door_jungle_upper"
                },
                "east": {
                    "texture": "#door_jungle_upper"
                },
                "north": {
                    "uv": [12,6.5,15,7],
                    "texture": "#door_jungle_upper"
                }
            }
        }
    ]
}