{
    "__createdwith": "opl's Model Creator",
    "ambientocclusion": false,
    "textures": {
        "ladder": "blocks/ladder",
        "particle": "blocks/ladder"

    },
    "elements": [
        {
            "from": [1.5,1,15],
            "to": [14.5,3,16],
            "faces": {
                "up": {
                    "uv": [1.5,13,14.5,14],
                    "texture": "#ladder"
                },
                "down": {
                    "uv": [1.5,13.5,14.5,14.5],
                    "texture": "#ladder"
                },
                "west": {
                    "uv": [13.5,13,14.5,15],
                    "texture": "#ladder"
                },
                "east": {
                    "uv": [13.5,13,14.5,15],
                    "texture": "#ladder"
                },
                "north": {
                    "texture": "#ladder"
                },
                "south": {
                    "uv": [14.5,13,1.5,15],
                    "texture": "#ladder"
                }
            }
        },
        {
            "from": [1.5,5,15],
            "to": [14.5,7,16],
            "faces": {
                "up": {
                    "uv": [1.5,13,14.5,14],
                    "texture": "#ladder"
                },
                "down": {
                    "uv": [1.5,13.5,14.5,14.5],
                    "texture": "#ladder"
                },
                "west": {
                    "uv": [13.5,9,14.5,11],
                    "texture": "#ladder"
                },
                "east": {
                    "uv": [13.5,9,14.5,11],
                    "texture": "#ladder"
                },
                "north": {
                    "texture": "#ladder"
                },
                "south": {
                    "uv": [14.5,9,1.5,11],
                    "texture": "#ladder"
                }
            }
        },
        {
            "from": [1.5,9,15],
            "to": [14.5,11,16],
            "faces": {
                "up": {
                    "uv": [1.5,13,14.5,14],
                    "texture": "#ladder"
                },
                "down": {
                    "uv": [1.5,13.5,14.5,14.5],
                    "texture": "#ladder"
                },
                "west": {
                    "uv": [13.5,5,14.5,7],
                    "texture": "#ladder"
                },
                "east": {
                    "uv": [13.5,5,14.5,7],
                    "texture": "#ladder"
                },
                "north": {
                    "texture": "#ladder"
                },
                "south": {
                    "uv": [14.5,5,1.5,7],
                    "texture": "#ladder"
                }
            }
        },
        {
            "from": [1.5,13,15],
            "to": [14.5,15,16],
            "faces": {
                "up": {
                    "uv": [1.5,13,14.5,14],
                    "texture": "#ladder"
                },
                "down": {
                    "uv": [1.5,13.5,14.5,14.5],
                    "texture": "#ladder"
                },
                "west": {
                    "uv": [13.5,1,14.5,3],
                    "texture": "#ladder"
                },
                "east": {
                    "uv": [13,1,14,3],
                    "texture": "#ladder"
                },
                "north": {
                    "texture": "#ladder"
                },
                "south": {
                    "uv": [14.5,1,1.5,3],
                    "texture": "#ladder"
                }
            }
        },
        {
            "from": [12,0,14.5],
            "to": [14,16,16],
            "faces": {
                "up": {
                    "uv": [4,1.5,2,0],
                    "texture": "#ladder"
                },
                "down": {
                    "uv": [12,16,14,14.5],
                    "texture": "#ladder"
                },
                "west": {
                    "uv": [4,0,2.5,16],
                    "texture": "#ladder"
                },
                "east": {
                    "uv": [3.5,0,2,16],
                    "texture": "#ladder"
                },
                "north": {
                    "uv": [2,0,4,16],
                    "texture": "#ladder"
                },
                "south": {
                    "uv": [4,0,2,16],
                    "texture": "#ladder"
                }
            }
        },
        {
            "from": [2,0,14.5],
            "to": [4,16,16],
            "faces": {
                "up": {
                    "uv": [14,0,12,1.5],
                    "texture": "#ladder"
                },
                "down": {
                    "uv": [2,16,4,14.5],
                    "texture": "#ladder"
                },
                "west": {
                    "uv": [13.5,0,12,16],
                    "texture": "#ladder"
                },
                "east": {
                    "uv": [14,0,12.5,16],
                    "texture": "#ladder"
                },
                "north": {
                    "uv": [12,0,14,16],
                    "texture": "#ladder"
                },
                "south": {
                    "uv": [14,0,12,16],
                    "texture": "#ladder"
                }
            }
        },
        {
            "from": [1,5.5,15.5],
            "to": [15,6.5,16],
            "faces": {
                "up": {
                    "uv": [1,9.5,15,10],
                    "texture": "#ladder"
                },
                "down": {
                    "uv": [1,10,15,10.5],
                    "texture": "#ladder"
                },
                "west": {
                    "uv": [14.5,9.5,15,10.5],
                    "texture": "#ladder"
                },
                "east": {
                    "uv": [1,9.5,1.5,10.5],
                    "texture": "#ladder"
                },
                "north": {
                    "texture": "#ladder"
                },
                "south": {
                    "uv": [15,9.5,1,10.5],
                    "texture": "#ladder"
                }
            }
        },
        {
            "from": [1,9.5,15.5],
            "to": [15,10.5,16],
            "faces": {
                "up": {
                    "uv": [1,9.5,15,10],
                    "texture": "#ladder"
                },
                "down": {
                    "uv": [1,10,15,10.5],
                    "texture": "#ladder"
                },
                "west": {
                    "uv": [14.5,9.5,15,10.5],
                    "texture": "#ladder"
                },
                "east": {
                    "uv": [1,9.5,1.5,10.5],
                    "texture": "#ladder"
                },
                "north": {
                    "texture": "#ladder"
                },
                "south": {
                    "uv": [15,5.5,1,6.5],
                    "texture": "#ladder"
                }
            }
        },
        {
            "from": [1,13.5,15.5],
            "to": [15,14.5,16],
            "faces": {
                "up": {
                    "uv": [1,9.5,15,10],
                    "texture": "#ladder"
                },
                "down": {
                    "uv": [1,10,15,10.5],
                    "texture": "#ladder"
                },
                "west": {
                    "uv": [14.5,9.5,15,10.5],
                    "texture": "#ladder"
                },
                "east": {
                    "uv": [1,9.5,1.5,10.5],
                    "texture": "#ladder"
                },
                "north": {
                    "texture": "#ladder"
                },
                "south": {
                    "uv": [15,1.5,1,2.5],
                    "texture": "#ladder"
                }
            }
        },
        {
            "from": [1,1.5,15.5],
            "to": [15,2.5,16],
            "faces": {
                "up": {
                    "uv": [1,9.5,15,10],
                    "texture": "#ladder"
                },
                "down": {
                    "uv": [1,10,15,10.5],
                    "texture": "#ladder"
                },
                "west": {
                    "uv": [14.5,9.5,15,10.5],
                    "texture": "#ladder"
                },
                "east": {
                    "uv": [1,9.5,1.5,10.5],
                    "texture": "#ladder"
                },
                "north": {
                    "texture": "#ladder"
                },
                "south": {
                    "uv": [15,13.5,1,14.5],
                    "texture": "#ladder"
                }
            }
        }
    ]
}