{
    "__createdwith": "opl's Model Creator",
    "ambientocclusion": false,
    "textures": {
        "particle": "blocks/rail_normal_turned",
        "rail": "blocks/rail_normal_turned"
    },
    "elements": [
        {
            "from": [2,0,12],
            "to": [4,1,16],
            "faces": {
                "up": {
                    "texture": "#rail"
                },
                "down": {
                    "texture": "#rail"
                },
                "west": {
                    "uv": [12,2,16,3],
                    "texture": "#rail"
                },
                "east": {
                    "uv": [3,12,4,16],
                    "texture": "#rail",
                    "rotation": 270,
                    "tintindex": 1
                },
                "north": {
                    "uv": [4,15,2,16],
                    "texture": "#rail"
                },
                "south": {
                    "texture": "#rail"
                }
            }
        },
        {
            "from": [2.5,0,11],
            "to": [4.5,1,12],
            "faces": {
                "up": {
                    "texture": "#rail"
                },
                "down": {
                    "texture": "#rail"
                },
                "west": {
                    "uv": [2,12,3,13],
                    "texture": "#rail"
                },
                "east": {
                    "uv": [12,15,13,16],
                    "texture": "#rail"
                },
                "north": {
                    "uv": [4.5,13,2.5,14],
                    "texture": "#rail"
                },
                "south": {
                    "uv": [2,12,4,13],
                    "texture": "#rail"
                }
            }
        },
        {
            "from": [3,0,10],
            "to": [5,1,11],
            "faces": {
                "up": {
                    "texture": "#rail"
                },
                "down": {
                    "texture": "#rail"
                },
                "west": {
                    "uv": [13.5,13.5,14.5,14.5],
                    "texture": "#rail",
                    "rotation": 180
                },
                "east": {
                    "uv": [12,15,13,16],
                    "texture": "#rail"
                },
                "north": {
                    "uv": [4,12.5,2,13.5],
                    "texture": "#rail"
                },
                "south": {
                    "uv": [2,15,4,16],
                    "texture": "#rail"
                }
            }
        },
        {
            "from": [3.5,0,9],
            "to": [5.5,1,10],
            "faces": {
                "up": {
                    "texture": "#rail"
                },
                "down": {
                    "texture": "#rail"
                },
                "west": {
                    "uv": [9,3.5,10,4.5],
                    "texture": "#rail"
                },
                "east": {
                    "uv": [3,12,4,13],
                    "texture": "#rail"
                },
                "north": {
                    "uv": [8.5,5.5,6.5,6.5],
                    "texture": "#rail"
                },
                "south": {
                    "uv": [2,13.75,4,14.75],
                    "texture": "#rail"
                }
            }
        },
        {
            "from": [4,0,8],
            "to": [6,1,9],
            "faces": {
                "up": {
                    "texture": "#rail"
                },
                "down": {
                    "texture": "#rail"
                },
                "west": {
                    "uv": [6,5.5,7,6.5],
                    "texture": "#rail",
                    "rotation": 90
                },
                "east": {
                    "uv": [15,3,16,4],
                    "texture": "#rail"
                },
                "north": {
                    "uv": [12,2,14,3],
                    "texture": "#rail"
                },
                "south": {
                    "uv": [2,12.75,4,13.75],
                    "texture": "#rail"
                }
            }
        },
        {
            "from": [4.5,0,7.5],
            "to": [6.5,1,8],
            "faces": {
                "up": {
                    "texture": "#rail"
                },
                "down": {
                    "texture": "#rail"
                },
                "west": {
                    "uv": [13.5,15,14,16],
                    "texture": "#rail",
                    "rotation": 180
                },
                "east": {
                    "uv": [3,12.5,3.5,13.5],
                    "texture": "#rail"
                },
                "north": {
                    "uv": [14,2,16,3],
                    "texture": "#rail"
                },
                "south": {
                    "uv": [11.5,3,13.5,4],
                    "texture": "#rail"
                }
            }
        },
        {
            "from": [5,0,6.5],
            "to": [7,1,7.5],
            "faces": {
                "up": {
                    "texture": "#rail"
                },
                "down": {
                    "uv": [5,7.5,7,6.5],
                    "texture": "#rail"
                },
                "west": {
                    "uv": [13,16,14,15],
                    "texture": "#rail"
                },
                "east": {
                    "uv": [14,3,15,4],
                    "texture": "#rail"
                },
                "north": {
                    "uv": [12,2,14,3],
                    "texture": "#rail"
                },
                "south": {
                    "uv": [2,12.5,4,13.5],
                    "texture": "#rail"
                }
            }
        },
        {
            "from": [5.5,0,5.5],
            "to": [6.5,1,6.5],
            "faces": {
                "up": {
                    "texture": "#rail"
                },
                "down": {
                    "texture": "#rail"
                },
                "west": {
                    "uv": [9,3.5,10,4.5],
                    "texture": "#rail"
                },
                "north": {
                    "uv": [3.5,9,4.5,10],
                    "texture": "#rail",
                    "rotation": 90
                }
            }
        },
        {
            "from": [6.5,0,5],
            "to": [7.5,1,7],
            "faces": {
                "up": {
                    "texture": "#rail"
                },
                "down": {
                    "uv": [6.5,7,7.5,5],
                    "texture": "#rail"
                },
                "west": {
                    "uv": [2,12,4,13],
                    "texture": "#rail"
                },
                "east": {
                    "uv": [12,3,14,4],
                    "texture": "#rail"
                },
                "north": {
                    "uv": [10,3,11,4],
                    "texture": "#rail"
                },
                "south": {
                    "uv": [12,3,13,4],
                    "texture": "#rail"
                }
            }
        },
        {
            "from": [7.5,0,4.5],
            "to": [8,1,6.5],
            "faces": {
                "up": {
                    "texture": "#rail"
                },
                "down": {
                    "uv": [7.5,6.5,8,4.5],
                    "texture": "#rail"
                },
                "west": {
                    "uv": [2.5,15,4.5,14],
                    "texture": "#rail"
                },
                "east": {
                    "uv": [12,14.5,14,15.5],
                    "texture": "#rail"
                },
                "north": {
                    "uv": [3,10.5,3.5,11.5],
                    "texture": "#rail"
                },
                "south": {
                    "uv": [13,13.5,13.5,14.5],
                    "texture": "#rail"
                }
            }
        },
        {
            "from": [8,0,4],
            "to": [9,1,6],
            "faces": {
                "up": {
                    "texture": "#rail"
                },
                "down": {
                    "uv": [8,6,9,4],
                    "texture": "#rail"
                },
                "west": {
                    "uv": [2.5,15,4.5,16],
                    "texture": "#rail"
                },
                "east": {
                    "uv": [4,13.5,2,14.5],
                    "texture": "#rail"
                },
                "north": {
                    "uv": [12,2,13,3],
                    "texture": "#rail"
                },
                "south": {
                    "uv": [14.5,12,15.5,13],
                    "texture": "#rail"
                }
            }
        },
        {
            "from": [9,0,3.5],
            "to": [10,1,5.5],
            "faces": {
                "up": {
                    "texture": "#rail"
                },
                "down": {
                    "uv": [9,5.5,10,3.5],
                    "texture": "#rail"
                },
                "west": {
                    "uv": [2.5,13.5,4.5,14.5],
                    "texture": "#rail"
                },
                "east": {
                    "uv": [12,3,14,4],
                    "texture": "#rail"
                },
                "north": {
                    "uv": [9,3.5,10,4.5],
                    "texture": "#rail"
                },
                "south": {
                    "uv": [5,8,6,9],
                    "texture": "#rail"
                }
            }
        },
        {
            "from": [10,0,3],
            "to": [11,1,5],
            "faces": {
                "up": {
                    "texture": "#rail"
                },
                "down": {
                    "uv": [10,5,11,3],
                    "texture": "#rail"
                },
                "west": {
                    "uv": [2,12,4,13],
                    "texture": "#rail"
                },
                "east": {
                    "uv": [14,3,16,4],
                    "texture": "#rail"
                },
                "north": {
                    "uv": [2.5,11,3.5,12],
                    "texture": "#rail"
                },
                "south": {
                    "uv": [12,3,13,4],
                    "texture": "#rail"
                }
            }
        },
        {
            "from": [11,0,2.5],
            "to": [12,1,4.5],
            "faces": {
                "up": {
                    "texture": "#rail"
                },
                "down": {
                    "uv": [11,4.5,12,2.5],
                    "texture": "#rail"
                },
                "west": {
                    "texture": "#rail"
                },
                "east": {
                    "uv": [12,3,14,4],
                    "texture": "#rail"
                },
                "north": {
                    "uv": [13.5,13.5,14.5,14.5],
                    "texture": "#rail",
                    "rotation": 180
                },
                "south": {
                    "uv": [12,14.5,13,15.5],
                    "texture": "#rail"
                }
            }
        },
        {
            "from": [12,0,2],
            "to": [16,1,4],
            "faces": {
                "up": {
                    "texture": "#rail"
                },
                "down": {
                    "uv": [12,4,16,2],
                    "texture": "#rail"
                },
                "west": {
                    "texture": "#rail"
                },
                "east": {
                    "uv": [4,15,2,16],
                    "texture": "#rail"
                },
                "north": {
                    "uv": [12,2,16,3],
                    "texture": "#rail"
                },
                "south": {
                    "uv": [12,4,16,3],
                    "texture": "#rail"
                }
            }
        },
        {
            "from": [12,0,14.5],
            "to": [14,1,16],
            "faces": {
                "up": {
                    "texture": "#rail"
                },
                "down": {
                    "uv": [12,16,14,14.5],
                    "texture": "#rail"
                },
                "west": {
                    "uv": [12,3,13.5,4],
                    "texture": "#rail"
                },
                "east": {
                    "uv": [12.5,2,14,3],
                    "texture": "#rail"
                },
                "north": {
                    "uv": [14,15,12,16],
                    "texture": "#rail"
                },
                "south": {
                    "texture": "#rail"
                }
            }
        },
        {
            "from": [12.5,0,13.5],
            "to": [14.5,1,14.5],
            "faces": {
                "up": {
                    "texture": "#rail"
                },
                "down": {
                    "uv": [12.5,14.5,14.5,13.5],
                    "texture": "#rail"
                },
                "west": {
                    "uv": [4.5,9,5.5,10],
                    "texture": "#rail"
                },
                "east": {
                    "uv": [13,15,14,16],
                    "texture": "#rail"
                },
                "north": {
                    "uv": [2,13.5,4,14.5],
                    "texture": "#rail"
                },
                "south": {
                    "uv": [12,15,14,16],
                    "texture": "#rail"
                }
            }
        },
        {
            "from": [14.5,0,12],
            "to": [16,1,14],
            "faces": {
                "up": {
                    "texture": "#rail"
                },
                "down": {
                    "uv": [14.5,14,16,12],
                    "texture": "#rail"
                },
                "west": {
                    "texture": "#rail"
                },
                "east": {
                    "uv": [2,15,4,16],
                    "texture": "#rail"
                },
                "north": {
                    "uv": [12,3,13.5,4],
                    "texture": "#rail"
                },
                "south": {
                    "uv": [12.5,2,14,3],
                    "texture": "#rail"
                }
            }
        },
        {
            "from": [13.5,0,12.5],
            "to": [14.5,1,13.5],
            "faces": {
                "up": {
                    "texture": "#rail"
                },
                "down": {
                    "uv": [13.5,13.5,14.5,12.5],
                    "texture": "#rail"
                },
                "west": {
                    "texture": "#rail"
                },
                "east": {
                    "texture": "#rail"
                },
                "north": {
                    "uv": [12,14.5,13,15.5],
                    "texture": "#rail"
                },
                "south": {
                    "texture": "#rail"
                }
            }
        },
        {
            "from": [13,0,13],
            "to": [13.5,1,13.5],
            "faces": {
                "up": {
                    "texture": "#rail"
                },
                "down": {
                    "texture": "#rail"
                },
                "west": {
                    "uv": [12.5,14.5,13,15.5],
                    "texture": "#rail"
                },
                "east": {
                    "texture": "#rail"
                },
                "north": {
                    "uv": [13,3,13.5,4],
                    "texture": "#rail"
                },
                "south": {
                    "texture": "#rail"
                }
            }
        },
        {
            "from": [4.5,0.011,0],
            "to": [15,0.5,2],
            "rotation": {
                "origin": [ 1, 0, 1 ],
                "axis": "y",
                "angle": -45,
                "rescale": true
            },
            "faces": {
                "up": {
                    "texture": "#rail"
                },
                "down": {
                    "uv": [4.5,2,15,0],
                    "texture": "#rail"
                },
                "west": {
                    "uv": [2,15,0,15.5],
                    "texture": "#rail"
                },
                "east": {
                    "uv": [0,2.5,2,3],
                    "texture": "#rail"
                },
                "north": {
                    "uv": [4.5,0.5,15,1],
                    "texture": "#rail"
                },
                "south": {
                    "uv": [4.5,1,15,1.5],
                    "texture": "#rail"
                }
            }
        },
        {
            "from": [4,0.011,0.5],
            "to": [15.5,0.5,1.5],
            "rotation": {
                "origin": [ 1, 0, 1 ],
                "axis": "y",
                "angle": -45,
                "rescale": true
            },
            "faces": {
                "up": {
                    "texture": "#rail"
                },
                "down": {
                    "uv": [4,1.5,15.5,0.5],
                    "texture": "#rail"
                },
                "west": {
                    "uv": [15,0.5,15.5,1.5],
                    "texture": "#rail",
                    "rotation": 270
                },
                "east": {
                    "uv": [0.5,15,1.5,15.5],
                    "texture": "#rail"
                },
                "north": {
                    "uv": [4,0.5,15.5,1],
                    "texture": "#rail"
                },
                "south": {
                    "uv": [4,1,15.5,1.5],
                    "texture": "#rail"
                }
            }
        },
        {
            "from": [2.5,0.0111,14],
            "to": [15.5,0.491,16],
            "rotation": {
                "origin": [ 12, 0, 12 ],
                "axis": "y",
                "angle": -22.5,
                "rescale": true
            },
            "faces": {
                "up": {
                    "uv": [0,2.5,2,15.5],
                    "texture": "#rail",
                    "rotation": 270
                },
                "down": {
                    "uv": [0,2.5,2,15.5],
                    "texture": "#rail",
                    "rotation": 90
                },
                "west": {
                    "uv": [0,2.5,2,3],
                    "texture": "#rail",
                    "rotation": 90
                },
                "east": {
                    "uv": [0,15,2,15.5],
                    "texture": "#rail"
                },
                "north": {
                    "uv": [1,2.5,0.5,15.5],
                    "texture": "#rail",
                    "rotation": 90
                },
                "south": {
                    "uv": [1,2.5,1.5,15.5],
                    "texture": "#rail",
                    "rotation": 90
                }
            }
        },
        {
            "from": [2,0.0111,14.5],
            "to": [16,0.491,15.5],
            "rotation": {
                "origin": [ 12, 0, 12 ],
                "axis": "y",
                "angle": -22.5,
                "rescale": true
            },
            "faces": {
                "up": {
                    "uv": [1.5,16,0.5,2],
                    "texture": "#rail",
                    "rotation": 90
                },
                "down": {
                    "uv": [0.5,2,1.5,16],
                    "texture": "#rail",
                    "rotation": 90
                },
                "west": {
                    "uv": [1.5,2,0.5,2.5],
                    "texture": "#rail"
                },
                "east": {
                    "uv": [0.5,15.5,1.5,16],
                    "texture": "#rail"
                },
                "north": {
                    "uv": [1,2,1.5,16],
                    "texture": "#rail",
                    "rotation": 90
                },
                "south": {
                    "uv": [0.5,2,1,16],
                    "texture": "#rail",
                    "rotation": 90
                }
            }
        },
        {
            "from": [14.5,0.01,2],
            "to": [15.5,0.49,16],
            "rotation": {
                "origin": [ 12, 0, 12 ],
                "axis": "y",
                "angle": 22.5,
                "rescale": true
            },
            "faces": {
                "up": {
                    "uv": [0.5,2,1.5,16],
                    "texture": "#rail"
                },
                "down": {
                    "uv": [0.5,2,1.5,16],
                    "texture": "#rail"
                },
                "west": {
                    "uv": [1.5,2,1,16],
                    "texture": "#rail",
                    "rotation": 90
                },
                "east": {
                    "uv": [1,2,1.5,16],
                    "texture": "#rail",
                    "rotation": 90
                },
                "north": {
                    "uv": [1.5,2,0.5,2.5],
                    "texture": "#rail"
                },
                "south": {
                    "uv": [0.5,15.5,1.5,16],
                    "texture": "#rail"
                }
            }
        },
        {
            "from": [14,0.01,2.5],
            "to": [16,0.49,15.5],
            "rotation": {
                "origin": [ 12, 0, 12 ],
                "axis": "y",
                "angle": 22.5,
                "rescale": true
            },
            "faces": {
                "up": {
                    "uv": [0,2.5,2,15.5],
                    "texture": "#rail"
                },
                "down": {
                    "uv": [0,2.5,2,15.5],
                    "texture": "#rail"
                },
                "west": {
                    "uv": [0.5,2.5,1,15.5],
                    "texture": "#rail",
                    "rotation": 90
                },
                "east": {
                    "uv": [1,2.5,1.5,15.5],
                    "texture": "#rail",
                    "rotation": 90
                },
                "north": {
                    "uv": [2,2.5,0,3],
                    "texture": "#rail"
                },
                "south": {
                    "uv": [0,15,2,15.5],
                    "texture": "#rail"
                }
            }
        }
    ]
}