{
    "__createdwith": "opl's Model Creator",
    "ambientocclusion": false,
    "textures": {
        "door_spruce_lower": "blocks/door_spruce_lower",
        "door_spruce_upper": "blocks/door_spruce_upper",
        "door_spruce_handle": "blocks/door_spruce_handle",
        "particle": "blocks/door_spruce_upper"

    },
    "elements": [
        {
            "from": [0,0,13],
            "to": [3,16,16],
            "faces": {
                "up": {
                    "texture": "#door_spruce_lower"
                },
                "down": {
                    "uv": [0,16,3,13],
                    "texture": "#door_spruce_lower"
                },
                "west": {
                    "uv": [3,0,0,16],
                    "texture": "#door_spruce_lower"
                },
                "east": {
                    "uv": [0,0,3,16],
                    "texture": "#door_spruce_lower"
                },
                "north": {
                    "uv": [3,0,1.5,16],
                    "texture": "#door_spruce_lower"
                },
                "south": {
                    "texture": "#door_spruce_lower"
                }
            }
        },
        {
            "from": [0,0,10],
            "to": [3,16,12],
            "faces": {
                "up": {
                    "texture": "#door_spruce_lower"
                },
                "down": {
                    "uv": [0,1,3,3],
                    "texture": "#door_spruce_lower"
                },
                "west": {
                    "uv": [6,0,4,16],
                    "texture": "#door_spruce_lower"
                },
                "east": {
                    "uv": [4,0,6,16],
                    "texture": "#door_spruce_lower"
                },
                "north": {
                    "uv": [3,0,1.5,16],
                    "texture": "#door_spruce_lower"
                },
                "south": {
                    "uv": [1.5,0,3,16],
                    "texture": "#door_spruce_lower"
                }
            }
        },
        {
            "from": [0,0,7],
            "to": [3,16,9],
            "faces": {
                "up": {
                    "texture": "#door_spruce_lower"
                },
                "down": {
                    "uv": [0,4,3,6],
                    "texture": "#door_spruce_lower"
                },
                "west": {
                    "uv": [9,0,7,16],
                    "texture": "#door_spruce_lower"
                },
                "east": {
                    "texture": "#door_spruce_lower"
                },
                "north": {
                    "uv": [3,0,1.5,16],
                    "texture": "#door_spruce_lower"
                },
                "south": {
                    "uv": [1.5,0,3,16],
                    "texture": "#door_spruce_lower"
                }
            }
        },
        {
            "from": [0,0,4],
            "to": [3,16,6],
            "faces": {
                "up": {
                    "texture": "#door_spruce_lower"
                },
                "down": {
                    "uv": [0,7,3,9],
                    "texture": "#door_spruce_lower"
                },
                "west": {
                    "uv": [12,0,10,16],
                    "texture": "#door_spruce_lower"
                },
                "east": {
                    "uv": [10,0,12,16],
                    "texture": "#door_spruce_lower"
                },
                "north": {
                    "uv": [3,0,1.5,16],
                    "texture": "#door_spruce_lower"
                },
                "south": {
                    "uv": [1.75,0,3,16],
                    "texture": "#door_spruce_lower"
                }
            }
        },
        {
            "from": [0,0,1],
            "to": [3,16,3],
            "faces": {
                "up": {
                    "texture": "#door_spruce_lower"
                },
                "down": {
                    "uv": [0,10,3,12],
                    "texture": "#door_spruce_lower"
                },
                "west": {
                    "uv": [15,0,13,16],
                    "texture": "#door_spruce_lower"
                },
                "east": {
                    "uv": [13,0,15,16],
                    "texture": "#door_spruce_lower"
                },
                "north": {
                    "uv": [2.5,0,1,16],
                    "texture": "#door_spruce_lower"
                },
                "south": {
                    "uv": [1.5,0,3,16],
                    "texture": "#door_spruce_lower"
                }
            }
        },
        {
            "from": [0.5,0,0],
            "to": [2.5,16,13],
            "faces": {
                "up": {
                    "texture": "#door_spruce_lower"
                },
                "down": {
                    "texture": "#door_spruce_lower"
                },
                "west": {
                    "uv": [16,0,3,16],
                    "texture": "#door_spruce_lower"
                },
                "east": {
                    "uv": [3,0,16,16],
                    "texture": "#door_spruce_lower"
                },
                "north": {
                    "uv": [15,0,16,16],
                    "texture": "#door_spruce_upper"
                }
            }
        },
        {
            "from": [-0.05,12,2],
            "to": [-0.05,16,6],
            "faces": {
                "west": {
                    "uv": [0,0,16,16],
                    "texture": "#door_spruce_handle"
                },
                "east": {
                    "uv": [16,0,0,16],
                    "texture": "#door_spruce_handle"
                }
            }
        },
        {
            "from": [3.05,12,2],
            "to": [3.05,16,6],
            "faces": {
                "west": {
                    "uv": [16,0,0,16],
                    "texture": "#door_spruce_handle"
                },
                "east": {
                    "uv": [16,0,0,16],
                    "texture": "#door_spruce_handle"
                }
            }
        }
    ]
}