{
    "__createdwith": "opl's Model Creator",
    "ambientocclusion": false,
    "textures": {
        "particle": "#texture"
    },
    "elements": [
        {
            "from": [13,3,13],
            "to": [16,13,16],
            "faces": {
                "west": {
                    "uv": [9.5,3,6.5,13],
                    "texture": "#texture"
                },
                "east": {
                    "uv": [3,16,13,13],
                    "texture": "#texture",
                    "rotation": 90
                },
                "north": {
                    "uv": [0,3,3,13],
                    "texture": "#texture"
                },
                "south": {
                    "texture": "#texture"
                }
            }
        },
        {
            "from": [0,3,13],
            "to": [3,13,16],
            "faces": {
                "west": {
                    "uv": [13,13,3,16],
                    "texture": "#texture",
                    "rotation": 90
                },
                "east": {
                    "uv": [9.5,3,6.5,13],
                    "texture": "#texture"
                },
                "north": {
                    "uv": [13,3,16,13],
                    "texture": "#texture"
                },
                "south": {
                    "texture": "#texture"
                }
            }
        },
        {
            "from": [0,0,13],
            "to": [16,3,16],
            "faces": {
                "up": {
                    "uv": [0,6.5,16,9.5],
                    "texture": "#texture"
                },
                "down": {
                    "uv": [16,13,0,16],
                    "texture": "#texture"
                },
                "west": {
                    "uv": [13,13,16,16],
                    "texture": "#texture",
                    "rotation": 90
                },
                "east": {
                    "uv": [16,13,13,16],
                    "texture": "#texture",
                    "rotation": 270
                },
                "north": {
                    "texture": "#texture"
                },
                "south": {
                    "texture": "#texture"
                }
            }
        },
        {
            "from": [0,13,13],
            "to": [16,16,16],
            "faces": {
                "up": {
                    "uv": [0,16,16,13],
                    "texture": "#texture"
                },
                "down": {
                    "uv": [0,6.5,16,9.5],
                    "texture": "#texture"
                },
                "west": {
                    "uv": [0,13,3,16],
                    "texture": "#texture",
                    "rotation": 90
                },
                "east": {
                    "uv": [3,13,0,16],
                    "texture": "#texture",
                    "rotation": 270
                },
                "north": {
                    "texture": "#texture"
                },
                "south": {
                    "texture": "#texture"
                }
            }
        },
        {
            "from": [3,6,13],
            "to": [13,10,16],
            "faces": {
                "up": {
                    "uv": [3,6.5,13,9.5],
                    "texture": "#texture"
                },
                "down": {
                    "uv": [3,6.5,13,9.5],
                    "texture": "#texture"
                },
                "north": {
                    "texture": "#texture"
                },
                "south": {
                    "texture": "#texture"
                }
            }
        },
        {
            "from": [6,3,13],
            "to": [10,13,16],
            "faces": {
                "west": {
                    "uv": [9.5,3,6.5,13],
                    "texture": "#texture"
                },
                "east": {
                    "uv": [9.5,3,6.5,13],
                    "texture": "#texture"
                },
                "north": {
                    "texture": "#texture"
                },
                "south": {
                    "texture": "#texture"
                }
            }
        }
    ]
}