{
    "__createdwith": "opl's Model Creator",
    "parent": "block/thin_block",
    "ambientocclusion": false,
    "textures": {
        "particle": "#texture"
    },
    "elements": [
        {
            "from": [6,0,3],
            "to": [10,3,13],
            "faces": {
                "up": {
                    "texture": "#texture"
                },
                "down": {
                    "uv": [6.0,13.0,10.0,3.0],
                    "texture": "#texture"
                },
                "west": {
                    "uv": [13.0,6.5,3.0,9.5],
                    "texture": "#texture"
                },
                "east": {
                    "uv": [3.0,9.5,13.0,6.5],
                    "texture": "#texture"
                }
            }
        },
        {
            "from": [3,0,6],
            "to": [13,3,10],
            "faces": {
                "up": {
                    "texture": "#texture"
                },
                "down": {
                    "uv": [3.0,10.0,13.0,6.0],
                    "texture": "#texture"
                },
                "north": {
                    "uv": [13.0,6.5,3.0,9.5],
                    "texture": "#texture"
                },
                "south": {
                    "uv": [3.0,9.5,13.0,6.5],
                    "texture": "#texture"
                }
            }
        },
        {
            "from": [13,0,0],
            "to": [16,3,16],
            "faces": {
                "up": {
                    "texture": "#texture"
                },
                "down": {
                    "uv": [13.0,16.0,16.0,0.0],
                    "texture": "#texture"
                },
                "west": {
                    "uv": [16.0,6.5,0.0,9.5],
                    "texture": "#texture"
                },
                "east": {
                    "uv": [0,13,16,16],
                    "texture": "#texture"
                },
                "north": {
                    "uv": [0,13,3,16],
                    "texture": "#texture"
                },
                "south": {
                    "uv": [13,13,16,16],
                    "texture": "#texture"
                }
            }
        },
        {
            "from": [0,0,0],
            "to": [3,3,16],
            "faces": {
                "up": {
                    "texture": "#texture"
                },
                "down": {
                    "uv": [0.0,16.0,3.0,0.0],
                    "texture": "#texture"
                },
                "west": {
                    "uv": [0,13,16,16],
                    "texture": "#texture"
                },
                "east": {
                    "uv": [0.0,9.5,16.0,6.5],
                    "texture": "#texture"
                },
                "north": {
                    "uv": [13,13,16,16],
                    "texture": "#texture"
                },
                "south": {
                    "uv": [0,13,3,16],
                    "texture": "#texture"
                }
            }
        },
        {
            "from": [3,0,0],
            "to": [13,3,3],
            "faces": {
                "up": {
                    "texture": "#texture"
                },
                "down": {
                    "uv": [3.0,3.0,13.0,0.0],
                    "texture": "#texture"
                },
                "north": {
                    "uv": [3,13,13,16],
                    "texture": "#texture"
                },
                "south": {
                    "uv": [3.0,9.5,13.0,6.5],
                    "texture": "#texture"
                }
            }
        },
        {
            "from": [3,0,13],
            "to": [13,3,16],
            "faces": {
                "up": {
                    "texture": "#texture"
                },
                "down": {
                    "uv": [3.0,16.0,13.0,13.0],
                    "texture": "#texture"
                },
                "north": {
                    "uv": [13.0,6.5,3.0,9.5],
                    "texture": "#texture"
                },
                "south": {
                    "uv": [3,13,13,16],
                    "texture": "#texture"
                }
            }
        }
    ]
}