{
    "multipart": [
        {   "when": { "up": "true" },
            "apply": [ { "model": "cobblestone_wall_post" }, { "model": "cobblestone_wall_post_0" }, { "model": "cobblestone_wall_post_1" } ]
        },
        {   "when": { "north": "true" },
            "apply": [ { "model": "cobblestone_wall_side", "uvlock": true }, { "model": "cobblestone_wall_side_0", "uvlock": true }, { "model": "cobblestone_wall_side_1", "uvlock": true } ]
        },
        {   "when": { "east": "true" },
            "apply": [ { "model": "cobblestone_wall_side", "y": 90, "uvlock": true }, { "model": "cobblestone_wall_side_0", "y": 90, "uvlock": true }, { "model": "cobblestone_wall_side_1", "y": 90, "uvlock": true } ]
        },
        {   "when": { "south": "true" },
            "apply": [ { "model": "cobblestone_wall_side", "y": 180, "uvlock": true }, { "model": "cobblestone_wall_side_0", "y": 180, "uvlock": true }, { "model": "cobblestone_wall_side_1", "y": 180, "uvlock": true } ]
        },
        {   "when": { "west": "true" },
            "apply": [ { "model": "cobblestone_wall_side", "y": 270, "uvlock": true }, { "model": "cobblestone_wall_side_0", "y": 270, "uvlock": true }, { "model": "cobblestone_wall_side_1", "y": 270, "uvlock": true } ]
        }
    ]
}
