{
    "variants": {
        "facing=east,half=bottom,shape=straight": [ { "model": "oak_stairs" },
										{ "model": "oak_stairs_0" }
										],
        "facing=west,half=bottom,shape=straight": [ { "model": "oak_stairs", "y": 180, "uvlock": true },
										{ "model": "oak_stairs_0", "y": 180, "uvlock": true }
										],
        "facing=south,half=bottom,shape=straight": [ { "model": "oak_stairs", "y": 90, "uvlock": true },
										{ "model": "oak_stairs_0", "y": 90, "uvlock": true }
										],
        "facing=north,half=bottom,shape=straight": [ { "model": "oak_stairs", "y": 270, "uvlock": true },
										{ "model": "oak_stairs_0", "y": 270, "uvlock": true }
										],
        "facing=east,half=bottom,shape=outer_right": [ { "model": "oak_outer_stairs" },
										{ "model": "oak_outer_stairs_0" }
										],
        "facing=west,half=bottom,shape=outer_right": [ { "model": "oak_outer_stairs", "y": 180, "uvlock": true },
										{ "model": "oak_outer_stairs_0", "y": 180, "uvlock": true }
										],
        "facing=south,half=bottom,shape=outer_right": [ { "model": "oak_outer_stairs", "y": 90, "uvlock": true },
										{ "model": "oak_outer_stairs_0", "y": 90, "uvlock": true }
										],
        "facing=north,half=bottom,shape=outer_right": [ { "model": "oak_outer_stairs", "y": 270, "uvlock": true },
										{ "model": "oak_outer_stairs_0", "y": 270, "uvlock": true }
										],
        "facing=east,half=bottom,shape=outer_left": [ { "model": "oak_outer_stairs", "y": 270, "uvlock": true },
										{ "model": "oak_outer_stairs_0", "y": 270, "uvlock": true }
										],
        "facing=west,half=bottom,shape=outer_left": [ { "model": "oak_outer_stairs", "y": 90, "uvlock": true },
										{ "model": "oak_outer_stairs_0", "y": 90, "uvlock": true }
										],
        "facing=south,half=bottom,shape=outer_left": [ { "model": "oak_outer_stairs" },
										{ "model": "oak_outer_stairs_0" }
										],
        "facing=north,half=bottom,shape=outer_left": [ { "model": "oak_outer_stairs", "y": 180, "uvlock": true },
										{ "model": "oak_outer_stairs_0", "y": 180, "uvlock": true }
										],
        "facing=east,half=bottom,shape=inner_right": [ { "model": "oak_inner_stairs" },
										{ "model": "oak_inner_stairs_0" }
										],
        "facing=west,half=bottom,shape=inner_right": [ { "model": "oak_inner_stairs", "y": 180, "uvlock": true },
										{ "model": "oak_inner_stairs_0", "y": 180, "uvlock": true }
										],
        "facing=south,half=bottom,shape=inner_right": [ { "model": "oak_inner_stairs", "y": 90, "uvlock": true },
										{ "model": "oak_inner_stairs_0", "y": 90, "uvlock": true }
										],
        "facing=north,half=bottom,shape=inner_right": [ { "model": "oak_inner_stairs", "y": 270, "uvlock": true },
										{ "model": "oak_inner_stairs_0", "y": 270, "uvlock": true }
										],
        "facing=east,half=bottom,shape=inner_left": [ { "model": "oak_inner_stairs", "y": 270, "uvlock": true },
										{ "model": "oak_inner_stairs_0", "y": 270, "uvlock": true }
										],
        "facing=west,half=bottom,shape=inner_left": [ { "model": "oak_inner_stairs", "y": 90, "uvlock": true },
										{ "model": "oak_inner_stairs_0", "y": 90, "uvlock": true }
										],
        "facing=south,half=bottom,shape=inner_left": [ { "model": "oak_inner_stairs" },
										{ "model": "oak_inner_stairs_0" }
										],
        "facing=north,half=bottom,shape=inner_left": [ { "model": "oak_inner_stairs", "y": 180, "uvlock": true },
										{ "model": "oak_inner_stairs_0", "y": 180, "uvlock": true }
										],
        "facing=east,half=top,shape=straight": [ { "model": "oak_stairs", "x": 180, "uvlock": true },
										{ "model": "oak_stairs_0", "x": 180, "uvlock": true }
										],
        "facing=west,half=top,shape=straight": [ { "model": "oak_stairs", "x": 180, "y": 180, "uvlock": true },
										{ "model": "oak_stairs_0", "x": 180, "y": 180, "uvlock": true }
										],
        "facing=south,half=top,shape=straight": [ { "model": "oak_stairs", "x": 180, "y": 90, "uvlock": true },
										{ "model": "oak_stairs_0", "x": 180, "y": 90, "uvlock": true }
										],
        "facing=north,half=top,shape=straight": [ { "model": "oak_stairs", "x": 180, "y": 270, "uvlock": true },
										{ "model": "oak_stairs_0", "x": 180, "y": 270, "uvlock": true }
										],
        "facing=east,half=top,shape=outer_right": [ { "model": "oak_outer_stairs", "x": 180, "y": 90, "uvlock": true },
										{ "model": "oak_outer_stairs_0", "x": 180, "y": 90, "uvlock": true }
										],
        "facing=west,half=top,shape=outer_right": [ { "model": "oak_outer_stairs", "x": 180, "y": 270, "uvlock": true },
										{ "model": "oak_outer_stairs_0", "x": 180, "y": 270, "uvlock": true }
										],
        "facing=south,half=top,shape=outer_right": [ { "model": "oak_outer_stairs", "x": 180, "y": 180, "uvlock": true },
										{ "model": "oak_outer_stairs_0", "x": 180, "y": 180, "uvlock": true }
										],
        "facing=north,half=top,shape=outer_right": [ { "model": "oak_outer_stairs", "x": 180, "uvlock": true },
										{ "model": "oak_outer_stairs_0", "x": 180, "uvlock": true }
										],
        "facing=east,half=top,shape=outer_left": [ { "model": "oak_outer_stairs", "x": 180, "uvlock": true },
										{ "model": "oak_outer_stairs_0", "x": 180, "uvlock": true }
										],
        "facing=west,half=top,shape=outer_left": [ { "model": "oak_outer_stairs", "x": 180, "y": 180, "uvlock": true },
										{ "model": "oak_outer_stairs_0", "x": 180, "y": 180, "uvlock": true }
										],
        "facing=south,half=top,shape=outer_left": [ { "model": "oak_outer_stairs", "x": 180, "y": 90, "uvlock": true },
										{ "model": "oak_outer_stairs_0", "x": 180, "y": 90, "uvlock": true }
										],
        "facing=north,half=top,shape=outer_left": [ { "model": "oak_outer_stairs", "x": 180, "y": 270, "uvlock": true },
										{ "model": "oak_outer_stairs_0", "x": 180, "y": 270, "uvlock": true }
										],
        "facing=east,half=top,shape=inner_right": [ { "model": "oak_inner_stairs", "x": 180, "y": 90, "uvlock": true },
										{ "model": "oak_inner_stairs_0", "x": 180, "y": 90, "uvlock": true }
										],
        "facing=west,half=top,shape=inner_right": [ { "model": "oak_inner_stairs", "x": 180, "y": 270, "uvlock": true },
										{ "model": "oak_inner_stairs_0", "x": 180, "y": 270, "uvlock": true }
										],
        "facing=south,half=top,shape=inner_right": [ { "model": "oak_inner_stairs", "x": 180, "y": 180, "uvlock": true },
										{ "model": "oak_inner_stairs_0", "x": 180, "y": 180, "uvlock": true }
										],
        "facing=north,half=top,shape=inner_right": [ { "model": "oak_inner_stairs", "x": 180, "uvlock": true },
										{ "model": "oak_inner_stairs_0", "x": 180, "uvlock": true }
										],
        "facing=east,half=top,shape=inner_left": [ { "model": "oak_inner_stairs", "x": 180, "uvlock": true },
										{ "model": "oak_inner_stairs_0", "x": 180, "uvlock": true }
										],
        "facing=west,half=top,shape=inner_left": [ { "model": "oak_inner_stairs", "x": 180, "y": 180, "uvlock": true },
										{ "model": "oak_inner_stairs_0", "x": 180, "y": 180, "uvlock": true }
										],
        "facing=south,half=top,shape=inner_left": [ { "model": "oak_inner_stairs", "x": 180, "y": 90, "uvlock": true },
										{ "model": "oak_inner_stairs_0", "x": 180, "y": 90, "uvlock": true }
										],
        "facing=north,half=top,shape=inner_left": [ { "model": "oak_inner_stairs", "x": 180, "y": 270, "uvlock": true },
										{ "model": "oak_inner_stairs_0", "x": 180, "y": 270, "uvlock": true }
										]
    }
}

