{
    "variants": {
        "normal": [ 
		{ "model": "red_sandstone_normal" }, 
		{ "model": "red_sandstone_normal_0" }, 
		{ "model": "red_sandstone_normal", "y": 90 }, 
		{ "model": "red_sandstone_normal_0", "y": 90 },  
		{ "model": "red_sandstone_normal", "y": 180 }, 
		{ "model": "red_sandstone_normal_0", "y": 180 },  
		{ "model": "red_sandstone_normal", "y": 270 }, 
		{ "model": "red_sandstone_normal_0", "y": 270 }
        	],
        "all": 
		{ "model": "red_sandstone_all" }
    }
}