{
    "variants": {
        "half=bottom": [ { "model": "half_slab_stone_brick", "weight": 3 },
			         { "model": "half_slab_stone_brick_0" },
			         { "model": "half_slab_stone_brick_1" },
			         { "model": "half_slab_stone_brick_2" }
			  	  ],
        "half=top":    [ { "model": "upper_slab_stone_brick", "weight": 3 },
			         { "model": "upper_slab_stone_brick_0" },
			         { "model": "upper_slab_stone_brick_1" },
			         { "model": "upper_slab_stone_brick_2" } 
			       ]
    }
}
