{
    "variants": {
        "normal": [
            { "model": "waterlily", "weight": 3 },
            { "model": "waterlily", "y": 90, "weight": 3 },
            { "model": "waterlily", "y": 180, "weight": 3 },
            { "model": "waterlily", "y": 270, "weight": 3 },
            { "model": "waterlily_flower", "weight": 1 },
            { "model": "waterlily_flower", "y": 90, "weight": 1 },
            { "model": "waterlily_flower", "y": 180, "weight": 1 },
            { "model": "waterlily_flower", "y": 270, "weight": 1 }

        ]
    }
}
